name,position,team
Josh Allen,QB,BUF
Patrick Mahomes II,QB,KC
Jonathan Taylor,RB,IND
Puka Nacua,WR,LAR
Baker Mayfield,QB,TB
Christian McCaffrey,RB,SF
Dak Prescott,QB,DAL
Jalen Hurts,QB,PHI
Matthew Stafford,QB,LAR
Drake Maye,QB,NE
Daniel Jones,QB,IND
Javonte Williams,RB,DAL
Amon-Ra St. Brown,WR,DET
Lamar Jackson,QB,BAL
Justin Herbert,QB,LAC
Jared Goff,QB,DET
James Cook III,RB,BUF
Emeka Egbuka,WR,TB
Bo Nix,QB,DEN
Justin Fields,QB,NYJ
Jahmyr Gibbs,RB,DET
Sam Darnold,QB,SEA
C.J. Stroud,QB,HOU
Caleb Williams,QB,CHI
Jaxon Smith-Njigba,WR,SEA
Kyler Murray,QB,ARI
Trevor Lawrence,QB,JAC
De'Von Achane,RB,MIA
Bijan Robinson,RB,ATL
Tua Tagovailoa,QB,MIA
Garrett Wilson,WR,NYJ
George Pickens,WR,DAL
Kyren Williams,RB,LAR
Spencer Rattler,QB,NO
Jordan Love,QB,GB
Deebo Samuel Sr.,WR,WAS
Quentin Johnston,WR,LAC
Saquon Barkley,RB,PHI
Geno Smith,QB,LV
Travis Etienne Jr.,RB,JAC
Ja'Marr Chase,WR,CIN
Rome Odunze,WR,CHI
J.K. Dobbins,RB,DEN
Ashton Jeanty,RB,LV
Josh Jacobs,RB,GB
Courtland Sutton,WR,DEN
Bryce Young,QB,CAR
Omarion Hampton,RB,LAC
David Montgomery,RB,DET
Justin Jefferson,WR,MIN
Jake Ferguson,TE,DAL
Tre Tucker,WR,LV
Davante Adams,WR,LAR
Michael Pittman Jr.,WR,IND
Aaron Rodgers,QB,PIT
Bucky Irving,RB,TB
Keenan Allen,WR,LAC
Kenneth Walker III,RB,SEA
Cam Skattebo,RB,NYG
Jaylen Waddle,WR,MIA
Nico Collins,WR,HOU
Zay Flowers,WR,BAL
Mac Jones,QB,SF
Jacory Croskey-Merritt,RB,WAS
Quinshon Judkins,RB,CLE
Derrick Henry,RB,BAL
Spencer Shrader,K,IND
Chase McLaughlin,K,TB
Jayden Daniels,QB,WAS
Dalton Kincaid,TE,BUF
Breece Hall,RB,NYJ
Jordan Mason,RB,MIN
Jake Browning,QB,CIN
Joey Slye,K,TEN
Brandon Aubrey,K,DAL
Ka'imi Fairbairn,K,HOU
Michael Penix Jr.,QB,ATL
Tyler Warren,TE,IND
Carson Wentz,QB,MIN
Jacksonville Jaguars,DST,JAC
Jason Myers,K,SEA
Marvin Harrison Jr.,WR,ARI
Rashid Shaheed,WR,NO
Tony Pollard,RB,TEN
Tyquan Thornton,WR,KC
DK Metcalf,WR,PIT
Hunter Henry,TE,NE
Indianapolis Colts,DST,IND
Stefon Diggs,WR,NE
Matt Prater,K,BUF
Matt Gay,K,WAS
Russell Wilson,QB,NYG
Rico Dowdle,RB,CAR
Chuba Hubbard,RB,CAR
Alvin Kamara,RB,NO
Romeo Doubs,WR,GB
Malik Nabers,WR,NYG
Trey McBride,TE,ARI
Harrison Butker,K,KC
Cam Little,K,JAC
Travis Kelce,TE,KC
Tetairoa McMillan,WR,CAR
Minnesota Vikings,DST,MIN
Khalil Shakir,WR,BUF
Kenneth Gainwell,RB,PIT
Seattle Seahawks,DST,SEA
Eddy Pineiro,K,SF
Chris Olave,WR,NO
DeVonta Smith,WR,PHI
Rachaad White,RB,TB
Detroit Lions,DST,DET
Tyler Loop,K,BAL
Nick Chubb,RB,HOU
Dallas Goedert,TE,PHI
AJ Barner,TE,SEA
Marquise Brown,WR,KC
Wan'Dale Robinson,WR,NYG
Jake Tonges,TE,SF
Nick Folk,K,NYJ
Jake Bates,K,DET
Joshua Karty,K,LAR
Rhamondre Stevenson,RB,NE
D'Andre Swift,RB,CHI
Sam LaPorta,TE,DET
Keon Coleman,WR,BUF
Houston Texans,DST,HOU
Tyreek Hill,WR,MIA
Drake London,WR,ATL
Tucker Kraft,TE,GB
Troy Franklin,WR,DEN
Ricky Pearsall,WR,SF
Blake Grupe,K,NO
Will Reichard,K,MIN
Kareem Hunt,RB,KC
Jakobi Meyers,WR,LV
New England Patriots,DST,NE
Chad Ryland,K,ARI
Chase Brown,RB,CIN
Juwan Johnson,TE,NO
Cameron Dicker,K,LAC
Brian Thomas Jr.,WR,JAC
Denver Broncos,DST,DEN
Tory Horton,WR,SEA
Cam Ward,QB,TEN
Daniel Carlson,K,LV
Jaylen Warren,RB,PIT
Brock Purdy,QB,SF
Woody Marks,RB,HOU
Andy Borregales,K,NE
Ladd McConkey,WR,LAC
Marcus Mariota,QB,WAS
Jaxson Dart,QB,NYG
Justice Hill,RB,BAL
Washington Commanders,DST,WAS
Philadelphia Eagles,DST,PHI
Kyle Pitts Sr.,TE,ATL
Brandon McManus,K,GB
Cairo Santos,K,CHI
Elic Ayomanor,WR,TEN
Zach Ertz,TE,WAS
RJ Harvey,RB,DEN
Mark Andrews,TE,BAL
David Njoku,TE,CLE
Theo Johnson,TE,NYG
Chris Boswell,K,PIT
Ryan Fitzgerald,K,CAR
Arizona Cardinals,DST,ARI
Jake Elliott,K,PHI
A.J. Brown,WR,PHI
Calvin Ridley,WR,TEN
TreVeyon Henderson,RB,NE
Zach Charbonnet,RB,SEA
Tee Higgins,WR,CIN
Harold Fannin Jr.,TE,CLE
Wil Lutz,K,DEN
Brock Bowers,TE,LV
Jameson Williams,WR,DET
Sterling Shepard,WR,TB
Kayshon Boutte,WR,NE
Los Angeles Rams,DST,LAR
Kansas City Chiefs,DST,KC
Pittsburgh Steelers,DST,PIT
New Orleans Saints,DST,NO
Cooper Kupp,WR,SEA
Darren Waller,TE,MIA
Luke McCaffrey,WR,WAS
Kendrick Bourne,WR,SF
Joe Flacco,QB,CIN
Marvin Mims Jr.,WR,DEN
Isiah Pacheco,RB,KC
DeAndre Hopkins,WR,BAL
Riley Patterson,K,MIA
Calvin Austin III,WR,PIT
T.J. Hockenson,TE,MIN
DJ Moore,WR,CHI
JuJu Smith-Schuster,WR,KC
Brenton Strange,TE,JAC
CeeDee Lamb,WR,DAL
Parker Washington,WR,JAC
KaVontae Turpin,WR,DAL
Xavier Hutchinson,WR,HOU
Mason Taylor,TE,NYJ
James Conner,RB,ARI
Dalton Schultz,TE,HOU
Atlanta Falcons,DST,ATL
Tyler Allgeier,RB,ATL
Trey Benson,RB,ARI
Cedric Tillman,WR,CLE
J.J. McCarthy,QB,MIN
Andre Szmyt,K,CLE
Parker Romo,K,ATL
Evan McPherson,K,CIN
Chicago Bears,DST,CHI
Bhayshul Tuten,RB,JAC
Josh Downs,WR,IND
Jalen Nailor,WR,MIN
Hunter Renfrow,WR,CAR
Jerry Jeudy,WR,CLE
Mike Evans,WR,TB
Carolina Panthers,DST,CAR
Los Angeles Chargers,DST,LAC
Dyami Brown,WR,JAC
Kendre Miller,RB,NO
Travis Hunter,WR,JAC
Tyrod Taylor,QB,NYJ
San Francisco 49ers,DST,SF
Jordan Addison,WR,MIN
Chig Okonkwo,TE,TEN
Jauan Jennings,WR,SF
Tutu Atwell,WR,LAR
Tampa Bay Buccaneers,DST,TB
Cleveland Browns,DST,CLE
Buffalo Bills,DST,BUF
Miami Dolphins,DST,MIA
Graham Gano,K,NYG
Dylan Sampson,RB,CLE
Joshua Palmer,WR,BUF
Malik Washington,WR,MIA
Xavier Worthy,WR,KC
Miles Sanders,RB,DAL
Jayden Higgins,WR,HOU
Antonio Gibson,RB,NE
Rashod Bateman,WR,BAL
Ryan Flournoy,WR,DAL
Blake Corum,RB,LAR
Alec Pierce,WR,IND
Evan Engram,TE,DEN
Cole Kmet,TE,CHI
Olamide Zaccheaus,WR,CHI
Matthew Golden,WR,GB
Dillon Gabriel,QB,CLE
Tommy Tremble,TE,CAR
Darius Slayton,WR,NYG
Jonnu Smith,TE,PIT
Luther Burden III,WR,CHI
Kyle Juszczyk,RB,SF
Green Bay Packers,DST,GB
Hunter Long,TE,JAC
Terry McLaurin,WR,WAS
Davis Allen,TE,LAR
Mack Hollins,WR,NE
Mitchell Evans,TE,CAR
Devontez Walker,WR,BAL
Jeremy McNichols,RB,WAS
Josh Oliver,TE,MIN
Tennessee Titans,DST,TEN
Isaac TeSlaa,WR,DET
Zavier Scott,RB,MIN
Brock Wright,TE,DET
Noah Fant,TE,CIN
Jerome Ford,RB,CLE
Jeremy Ruckert,TE,NYJ
Jalen Tolbert,WR,DAL
Elijah Moore,WR,BUF
Isaiah Bond,WR,CLE
Aaron Jones Sr.,RB,MIN
Cade Otton,TE,TB
Dontayvion Wicks,WR,GB
Brandin Cooks,WR,NO
Tyrone Tracy Jr.,RB,NYG
Christian Kirk,WR,HOU
Michael Carter,RB,ARI
Joe Burrow,QB,CIN
Andrei Iosivas,WR,CIN
Brycen Tremayne,WR,CAR
Adam Trautman,TE,DEN
Gunnar Helm,TE,TEN
Adonai Mitchell,WR,IND
Michael Wilson,WR,ARI
Emari Demercado,RB,ARI
Ja'Tavion Sanders,TE,CAR
Tyler Lockett,WR,TEN
Kalif Raymond,WR,DET
Braelon Allen,RB,NYJ
Cincinnati Bengals,DST,CIN
New York Giants,DST,NYG
Jordan Whittington,WR,LAR
Austin Hooper,TE,NE
Jaylin Lane,WR,WAS
Jackson Hawes,TE,BUF
Ollie Gordon II,RB,MIA
Las Vegas Raiders,DST,LV
DeMario Douglas,WR,NE
Xavier Legette,WR,CAR
Emanuel Wilson,RB,GB
Jahan Dotson,WR,PHI
Elijah Arroyo,TE,SEA
Brian Robinson Jr.,RB,SF
Jayden Reed,WR,GB
Daniel Bellinger,TE,NYG
Dont'e Thornton Jr.,WR,LV
Greg Dortch,WR,ARI
Luke Farrell,TE,SF
Brashard Smith,RB,KC
Oronde Gadsden II,TE,LAC
Darnell Mooney,WR,ATL
Jaylin Noel,WR,HOU
Tylan Wallace,WR,BAL
Isaiah Davis,RB,NYJ
Tyler Conklin,TE,LAC
Curtis Samuel,WR,BUF
Devaughn Vele,WR,NO
Austin Ekeler,RB,WAS
Drew Sample,TE,CIN
Chris Rodriguez Jr.,RB,WAS
George Kittle,TE,SF
Allen Lazard,WR,NYJ
Ashton Dulin,WR,IND
Jack Stoll,TE,NO
Najee Harris,RB,LAC
Mike Gesicki,TE,CIN
Kyle Monangai,RB,CHI
Raheem Mostert,RB,LV
Pat Freiermuth,TE,PIT
Tez Johnson,WR,TB
Elijah Higgins,TE,ARI
Tyler Badie,RB,DEN
Julian Hill,TE,MIA
Ray-Ray McCloud III,WR,ATL
Tyler Higbee,TE,LAR
Mitch Tinsley,WR,CIN
George Holani,RB,SEA
Josh Reynolds,WR,NYJ
Jude McAtamney,K,NYG
Younghoe Koo,K,NYG
Dallas Cowboys,DST,DAL
New York Jets,DST,NYJ
Zonovan Knight,RB,ARI
John FitzPatrick,TE,GB
Ben Skowronek,WR,PIT
Jack Bech,WR,LV
Ryan Miller,WR,TB
Dawson Knox,TE,BUF
Tyler Johnson,WR,NYJ
Chris Moore,WR,WAS
Devin Singletary,RB,NYG
Chris Godwin Jr.,WR,TB
Demarcus Robinson,WR,SF
Adam Thielen,WR,MIN
Michael Mayer,TE,LV
Tanner Conner,TE,MIA
Casey Washington,WR,ATL
Cam Akers,RB,MIN
Chimere Dike,WR,TEN
Savion Williams,WR,GB
Ameer Abdullah,RB,IND
Andrew Beck,TE,NYJ
Ty Johnson,RB,BUF
DJ Giddens,RB,IND
Jamari Thrash,WR,CLE
Raheim Sanders,RB,CLE
Andy Dalton,QB,CAR
Luke Musgrave,TE,GB
Zay Jones,WR,ARI
Albert Okwuegbunam Jr.,TE,LV
Tre Harris,WR,LAC
Samaje Perine,RB,CIN
Grant Calcaterra,TE,PHI
Zamir White,RB,LV
Cooper Rush,QB,BAL
Colston Loveland,TE,CHI
A.J. Dillon,RB,PHI
Dareke Young,WR,SEA
Trevor Etienne,RB,CAR
Chris Brooks,RB,GB
Malik Heath,WR,GB
LeQuint Allen Jr.,RB,JAC
Darnell Washington,TE,PIT
Noah Gray,TE,KC
Noah Brown,WR,WAS
Jake Moody,K,CHI
Charlie Kolar,TE,BAL
Nick Westbrook-Ikhine,WR,MIA
Justin Watson,WR,HOU
Van Jefferson,WR,TEN
James Mitchell,TE,CAR
Cade Stover,TE,HOU
Xavier Smith,WR,LAR
Jimmy Horn Jr.,WR,CAR
Mo Alie-Cox,TE,IND
John Metchie III,WR,PHI
Nikko Remigio,WR,KC
Trent Sherfield Sr.,WR,DEN
Luke Schoonmaker,TE,DAL
Ian Thomas,TE,LV
Will Shipley,RB,PHI
Will Dissly,TE,LAC
Tyrell Shavers,WR,BUF
Ray Davis,RB,BUF
Arian Smith,WR,NYJ
Tip Reiman,TE,ARI
Brenden Bates,TE,HOU
Tay Martin,WR,WAS
Julius Chestnut,RB,TEN
Baltimore Ravens,DST,BAL
Dylan Laube,RB,LV
Alec Ingold,RB,MIA
Trey Lance,QB,LAC
Marquez Valdes-Scantling,WR,SF
Kyle Williams,WR,NE
Pat Bryant,WR,DEN
Dee Eskridge,WR,MIA
Nathan Carter,RB,ATL
Terrance Ferguson,TE,LAR
Dameon Pierce,RB,HOU
Lucas Krull,TE,DEN
Tim Patrick,WR,JAC
Johnny Mundt,TE,JAC
Kimani Vidal,RB,LAC
Jake Bobo,WR,SEA
David Moore,WR,CAR
Adam Prentice,RB,DEN
Hunter Luepke,RB,DAL
Kaleb Johnson,RB,PIT
Jacardia Wright,RB,SEA
Hassan Haskins,RB,LAC
Keaton Mitchell,RB,BAL
Tyson Bagent,QB,CHI
Eric Saubert,TE,SEA
Tahj Brooks,RB,CIN
Isaiah Likely,TE,BAL
Anthony Richardson Sr.,QB,IND
Skyy Moore,WR,SF
Dare Ogunbowale,RB,HOU
Kylen Granson,TE,PHI
Sean Tucker,RB,TB
Zach Wilson,QB,MIA
Nate Adkins,TE,DEN
British Brooks,RB,HOU
John Bates,TE,WAS
Tyjae Spears,RB,TEN
Alex Bachman,WR,LV
Tai Felton,WR,MIN
David Sills V,WR,ATL
Bryce Oliver,WR,TEN
Connor Heyward,TE,PIT
Davis Mills,QB,HOU
Tank Bigsby,RB,PHI
Chris Manhertz,TE,NYG
Beaux Collins,WR,NYG
Ben Sinnott,TE,WAS
Roman Wilson,WR,PIT
Kirk Cousins,QB,ATL
Tyler Goodson,RB,IND
Malachi Corley,WR,CLE
Colby Parkinson,TE,LAR
Jacob Saylors,RB,DET
Cam Grandy,TE,CIN
Max Brosmer,QB,MIN
Harrison Bryant,TE,HOU
Mitchell Trubisky,QB,BUF
Devin Neal,RB,NO
Zaire Mitchell-Paden,TE,BAL
Brevyn Spann-Ford,TE,DAL
Jaydon Blue,RB,DAL
Taysom Hill,TE,NO
Joe Milton III,QB,DAL
Rasheen Ali,RB,BAL
Drew Lock,QB,SEA
Mason Rudolph,QB,PIT
Craig Reynolds,RB,DET
Jacoby Brissett,QB,ARI
Trey Sermon,RB,PIT
Cody White,WR,SEA
Kenny Yeboah,TE,DET
Scotty Miller,WR,PIT
Teagan Quitoriano,TE,ATL
Stone Smartt,TE,NYJ
Colson Yankoff,TE,WAS
Durham Smythe,TE,CHI
Jelani Woods,TE,NYJ
Robert Tonyan,TE,KC
Jahdae Walker,WR,CHI
Jackson Meeks,WR,DET
Tanner Hudson,TE,CIN
Devin Duvernay,WR,CHI
Feleipe Franks,QB,ATL
Jalen Royals,WR,KC
Stephen Carlson,TE,CHI
Sione Vaki,RB,DET
Shane Zylstra,TE,DET
Jalin Hyatt,WR,NYG
Jalen Cropper,WR,DAL
Kameron Johnson,WR,TB
Konata Mumpfield,WR,LAR
Devin Culp,TE,TB
Payne Durham,TE,TB
Tim Jones,WR,JAC
Josh Williams,RB,TB
Brady Russell,TE,SEA
Gage Larvadain,WR,CLE
Carter Runyon,TE,LV
Foster Moreau,TE,NO
Jacob Cowing,WR,SF
C.J. Ham,RB,MIN
Ty Chandler,RB,MIN
Avery Williams,RB,NYJ
Jalen Brooks,WR,DAL
Nick Vannett,TE,FA
Will Mallory,TE,IND
DeeJay Dallas,RB,CAR
Tahj Washington,WR,MIA
DeAndre Carter,WR,CLE
Khalil Herbert,RB,NYJ
Xavier Weaver,WR,ARI
Blake Whiteheart,TE,CLE
Charlie Jones,WR,CIN
Jamal Agnew,WR,ATL
Jordan James,RB,SF
David Martin-Robinson,TE,TEN
Jeff Wilson Jr.,RB,MIA
Cameron Latu,TE,PHI
James Winchester,TE,KC
KhaDarel Hodge,WR,ATL
Anthony Gould,WR,IND
Jason Brownlee,WR,KC
Quintin Morris,TE,JAC
Roschon Johnson,RB,CHI
Logan Woodside,QB,PIT
Bo Melton,WR,GB
LaJohntay Wester,WR,BAL
Ulysses Bentley IV,RB,IND
Velus Jones Jr.,WR,FA
Ko Kieft,TE,TB
Reggie Gilliam,RB,BUF
KeAndre Lambert-Smith,WR,LAC
Darius Cooper,WR,PHI
Robbie Ouzts,TE,SEA
Josiah Deguara,TE,ARI
Brayden Willis,TE,SF
Jordan Mims,RB,TEN
Jack Westover,TE,NE
Travis Vokolek,TE,ARI
Jeremiah Webb,WR,NE
Jimmy Garoppolo,QB,LAR
Dominic Lovett,WR,DET
Isaac Guerendo,RB,SF
Treyton Welch,TE,NO
Jakob Johnson,RB,HOU
Justin Shorter,WR,LV
Kaden Davis,WR,CLE
Brett Rypien,QB,FA
Tyler Shough,QB,NO
Gunner Olszewski,WR,NYG
Mason Tipton,WR,NO
Patrick Murtagh,TE,DEN
Malik Turner,WR,SF
Drew Ogletree,TE,IND
Xazavian Valladay,RB,FA
Ross Dwelley,TE,DET
Charlie Woerner,TE,ATL
Moliki Matavao,TE,NO
Dalevon Campbell,WR,CAR
Sincere McCormick,RB,SF
Tucker Fisk,TE,LAC
Simi Fehoko,WR,ARI
Kevin Austin Jr.,WR,NO
Russell Gage Jr.,WR,SF
Kene Nwangwu,RB,NYJ
Ben Yurosek,TE,MIN
Kyle Allen,QB,DET
Joshua Dobbs,QB,NE
Gardner Minshew II,QB,KC
Derius Davis,WR,LAC
Jalen Milroe,QB,SEA
Xavier Gipson,WR,PHI
Myles Price,WR,MIN
Isaiah Williams,WR,NYJ