"Player","Team","Pos","Fantasy Points Pts","Fantasy Points x-Pts","Fantasy Points +/-","Points Per Game PPG","Points Per Game x-PPG","Points Per Game +/-","#G","Receiving Rec","Receiving X-Rec","Receiving Yds","Receiving X-Yds","Receiving TD","Receiving X-TD","Rushing Yds","Rushing X-Yds","Rushing TD","Rushing X-TD"
"Ja'Marr Chase","CIN","WR","339.5","270.5","69","20","15.9","4.1","17","127","115.71","1708","1287.15","17","13.7568","32","13.2888","0","0.01"
"Amon-Ra St. Brown","DET","WR","256.4","216.3","40.099999999999966","15.1","12.7","2.4","17","115","94.71","1263","1062.29","12","10.2832","6","7.9674","0","0.04"
"Brock Bowers","LV","TE","206.7","200","6.699999999999989","12.2","11.8","0.4","17","112","106.36","1194","1091.27","5","5.8672","13","21.707","0","0.05"
"Trey McBride","ARZ","TE","188.3","204.9","-16.599999999999994","11.8","12.8","-1","16","111","99.94","1146","1011.82","2","8.488","2","1.6366","1","0.44"
"Malik Nabers","NYG","WR","217.1","233.7","-16.599999999999994","14.5","15.6","-1.1","15","109","109.69","1204","1304.25","7","7.5568","2","15.4154","0","0.25"
"Justin Jefferson","MIN","WR","265.1","238.9","26.200000000000017","15.6","14.1","1.5","17","103","94.39","1533","1246.12","10","11.1856","3","0","0","0"
"CeeDee Lamb","DAL","WR","212.9","204.9","8","14.2","13.7","0.5","15","101","99.39","1194","1099.49","6","6.4032","70","62.1026","0","0.1"
"Garrett Wilson","NYJ","WR","203.4","224.3","-20.900000000000006","12","13.2","-1.2","17","101","101.87","1104","1188.61","7","9.016","5","4.067","0","0"
"Jaxon Smith-Njigba","SEA","WR","201.6","191.4","10.199999999999989","11.9","11.3","0.6","17","100","90.69","1130","1033.5","6","6.7104","26","22.4322","0","0.04"
"Drake London","ATL","WR","230.8","225.5","5.300000000000011","13.6","13.3","0.3","17","100","92.39","1271","1201.06","9","9.8016","-3","4.0572","0","0"
"DJ Moore","CHI","WR","189.1","192.6","-3.5","11.1","11.3","-0.2","17","98","98.63","966","1014.36","6","6.1056","75","50.2054","0","0.03"
"Travis Kelce","KC","TE","148.9","202.3","-53.400000000000006","9.3","12.6","-3.3","16","97","95.27","823","1022.12","3","8.7456","1","0","0","0"
"Wan'Dale Robinson","NYG","WR","136.2","164.5","-28.30000000000001","8","9.7","-1.7","17","93","95.55","699","876.4","3","4.7808","18","4.067","0","0"
"Jerry Jeudy","CLV","WR","191.9","212","-20.099999999999994","11.3","12.5","-1.2","17","90","93.52","1229","1272.92","4","6.3168","0","0","0","0"
"Jonnu Smith","MIA","TE","180.5","157.7","22.80000000000001","10.6","9.3","1.3","17","88","82.36","886","769.97","8","6.2416","-1","7.0952","0","0.22"
"Jakobi Meyers","LV","WR","172.5","183.1","-10.599999999999994","11.5","12.2","-0.7","15","87","81.22","1027","1025.86","4","6.5088","23","8.7514","0","0"
"Brian Thomas Jr.","JAX","WR","236.5","201","35.5","13.9","11.8","2.1","17","87","84","1282","1115.31","10","7.4208","48","26.8814","0","0.04"
"Davante Adams","NYJ","WR","196.8","210.3","-13.5","14.1","15","-1","14","85","89.81","1063","1022.63","8","10.5248","0","0","0","0"
"Ladd McConkey","LAC","WR","197.9","164.1","33.80000000000001","12.4","10.3","2.1","16","82","74.43","1149","981.3","7","4.8","0","0","0","0"
"Terry McLaurin","WAS","WR","228.8","180","48.80000000000001","13.5","10.6","2.9","17","82","69.17","1096","985.1","13","7.7376","2","4.7628","0","0"
"Tyreek Hill","MIA","WR","177.7","199.6","-21.900000000000006","10.5","11.7","-1.3","17","81","78.21","959","1057.28","6","8.5632","53","31.3894","0","0.04"
"Courtland Sutton","DEN","WR","196.6","211.2","-14.599999999999994","11.6","12.4","-0.9","17","81","77.76","1081","1139.28","8","9.7248","0","0","0","0"
"Puka Nacua","LA","WR","167.1","152.2","14.900000000000006","15.2","13.8","1.4","11","79","73.28","990","809.11","3","4.6368","46","38.2004","1","0.5"
"George Kittle","SF","TE","197.6","147.6","50","13.2","9.8","3.3","15","78","63.32","1106","739.68","8","6.9888","0","0","0","0"
"De'Von Achane","MIA","RB","260.9","240.5","20.399999999999977","15.3","14.1","1.2","17","78","73.49","592","480.77","6","4.2624","907","812.9512","6","8.13"
"Jauan Jennings","SF","WR","172","160","12","11.5","10.7","0.8","15","77","69.51","975","857.91","6","6.568","0","0","0","0"
"Khalil Shakir","BUF","WR","144.5","127.3","17.200000000000003","9.6","8.5","1.1","15","76","72.52","821","707.6","4","3.2928","4","4.7824","0","0.01"
"Mike Evans","TB","WR","203.4","182.6","20.80000000000001","14.5","13","1.5","14","74","66.77","1004","963.66","11","8.8032","0","0","0","0"
"Zay Flowers","BLT","WR","172.5","163.9","8.599999999999994","10.1","9.6","0.5","17","74","74.76","1059","968.11","4","4.2144","56","34.8978","0","0.16"
"Tee Higgins","CIN","WR","187.6","166.8","20.799999999999983","15.6","13.9","1.7","12","73","64.03","911","779.6","10","9.4752","0","0","0","0"
"Josh Downs","IND","WR","147.5","135","12.5","10.5","9.6","0.9","14","72","72.83","803","730.07","5","4.2624","12","0","0","0"
"Keenan Allen","CHI","WR","151.4","166.9","-15.5","10.1","11.1","-1","15","70","75.37","744","877.68","7","6.9024","0","0","0","0"
"Michael Pittman Jr.","IND","WR","133.3","150.3","-17","8.3","9.4","-1.1","16","69","68.68","808","933.04","3","3.7824","0","0","0","0"
"Nico Collins","HST","WR","176.6","155.1","21.5","14.7","12.9","1.8","12","68","64.83","1006","855.87","7","6.176","0","0","0","0"
"Alvin Kamara","NO","RB","231.3","237.7","-6.399999999999977","16.5","17","-0.5","14","68","74.56","543","546.43","2","1.4112","950","961.5874","6","6.86"
"DeVonta Smith","PHI","WR","165.4","121.8","43.60000000000001","12.7","9.4","3.4","13","68","55.67","833","643.76","8","4.9248","1","0","0","0"
"Cooper Kupp","LA","WR","141.5","137.8","3.6999999999999886","11.8","11.5","0.3","12","67","65.88","710","716.33","6","5.3664","10","7.8792","0","0.04"
"A.J. Brown","PHI","WR","183.4","143.8","39.599999999999994","14.1","11.1","3","13","67","58.12","1079","809.5","7","5.6256","0","0","0","0"
"Demario Douglas","NE","WR","114.7","116.3","-1.5999999999999943","6.7","6.8","-0.1","17","66","63.94","621","634.26","3","3.3984","16","4.8804","0","0"
"Zach Ertz","WAS","TE","140.4","144.1","-3.6999999999999886","8.3","8.5","-0.2","17","66","61.21","654","682.68","7","7.5376","0","0","0","0"
"D.K. Metcalf","SEA","WR","162.2","155.9","6.299999999999983","10.8","10.4","0.4","15","66","63.44","992","966.03","5","4.5904","0","0","0","0"
"Hunter Henry","NE","TE","112.4","132","-19.599999999999994","7","8.3","-1.2","16","66","61.42","674","651.95","2","6.0112","0","0","0","0"
"Mike Gesicki","CIN","TE","111","114.4","-3.4000000000000057","6.5","6.7","-0.2","17","65","57.23","665","614.25","2","4.0608","0","0","0","0"
"Pat Freiermuth","PIT","TE","139.8","107","32.80000000000001","8.2","6.3","1.9","17","65","54.74","653","554.59","7","4.032","0","0","0","0"
"Calvin Ridley","TEN","WR","169.2","170.7","-1.5","10","10","-0.1","17","64","66.67","1017","1104.39","4","3.792","55","30.5172","1","0.18"
"Darnell Mooney","ATL","WR","161.2","142.3","18.899999999999977","10.1","8.9","1.2","16","64","61.73","992","886.02","5","3.8112","0","0","0","0"
"David Njoku","CLV","TE","112.5","124.9","-12.400000000000006","10.2","11.4","-1.1","11","64","63.66","505","589.2","5","5.6928","0","0","0","0"
"Jordan Addison","MIN","WR","181","160.2","20.80000000000001","12.1","10.7","1.4","15","63","56.79","875","801.39","9","8.1984","20","12.2304","1","0.21"
"Ray-Ray McCloud III","ATL","WR","113.5","105.3","8.200000000000003","6.7","6.2","0.5","17","62","57.81","686","611.68","1","1.7664","79","38.2004","0","0.14"
"Marvin Harrison Jr.","ARZ","WR","167.5","179.5","-12","9.9","10.6","-0.7","17","62","64.59","885","984.54","8","8.1216","0","0","0","0"
"Elijah Moore","CLV","WR","90.4","130.2","-39.79999999999998","5.3","7.7","-2.3","17","61","64.59","538","773.72","1","3.4176","1","0","0","0"
"Bijan Robinson","ATL","RB","309.2","275","34.19999999999999","18.2","16.2","2","17","61","60.36","431","404.36","1","1.44","1456","1261.8598","14","11.6"
"Sam LaPorta","DET","TE","144.6","127","17.599999999999994","9","7.9","1.1","16","60","55.49","726","600.45","7","6.5376","0","0","0","0"
"Cade Otton","TB","TE","113.1","123.4","-10.300000000000011","8.1","8.8","-0.7","14","59","59.83","600","555.53","4","6.3264","-4","0","0","0"
"George Pickens","PIT","WR","136.9","153.5","-16.599999999999994","9.8","11","-1.2","14","59","59.68","900","835.34","3","6.5952","-6","4.4492","0","0.01"
"Xavier Worthy","KC","WR","157.7","150.5","7.199999999999989","9.3","8.9","0.4","17","59","65.11","638","723.8","6","6.0768","104","57.1046","3","0.57"
"Jake Ferguson","DAL","TE","78.9","99.8","-20.89999999999999","5.6","7.1","-1.5","14","59","61.65","494","578.27","0","1.8528","0","0","0","0"
"Jaylen Waddle","MIA","WR","116.6","134.4","-17.80000000000001","7.8","9","-1.2","15","58","58.36","744","756.08","2","4.6848","12","13.034","0","0.03"
"Jameson Williams","DET","WR","183.2","141.4","41.79999999999998","12.2","9.4","2.8","15","58","58.61","1001","782.29","7","4.416","61","46.8342","1","0.44"
"Breece Hall","NYJ","RB","212.4","213.9","-1.5","13.3","13.4","-0.1","16","57","63.63","483","447.31","3","2.7168","876","903.5322","5","5.11"
"DeAndre Hopkins","KC","WR","119","119","0","7.4","7.4","0","16","56","48.03","610","612.57","5","5.6256","0","0","0","0"
"Quentin Johnston","LAC","WR","147.2","133.3","13.899999999999977","9.8","8.9","0.9","15","55","56.05","711","708.3","8","5.5008","6","14.21","0","0"
"Jayden Reed","GB","WR","171.5","120.1","51.400000000000006","10.1","7.1","3","17","55","52.83","857","568.38","6","4.5216","163","83.5842","1","0.23"
"Mark Andrews","BLT","TE","161.3","121.6","39.70000000000002","9.5","7.2","2.3","17","55","44.97","673","578.99","11","6.4896","5","13.0928","0","0.16"
"Chase Brown","CIN","RB","228","234.1","-6.099999999999994","14.3","14.6","-0.4","16","54","49.87","360","341.5","4","3.5808","990","944.4778","7","9.84"
"Rome Odunze","CHI","WR","119.9","150.9","-31","7.1","8.9","-1.8","17","54","56.38","734","798.52","3","6.9888","15","8.9964","0","0"
"Dalton Schultz","HST","TE","91.7","109.3","-17.599999999999994","5.4","6.4","-1","17","53","57.59","532","633.16","2","2.8704","0","0","0","0"
"Chigoziem Okonkwo","TEN","TE","87.6","88.2","-0.6000000000000085","5.2","5.2","0","17","52","50.42","479","498.37","2","2.112","17","4.557","0","0"
"Jahmyr Gibbs","DET","RB","338.9","244.3","94.59999999999997","19.9","14.4","5.6","17","52","53.88","517","355.66","4","3.3216","1412","1023.3584","16","9.92"
"Javonte Williams","DEN","RB","135.9","164.6","-28.69999999999999","8","9.7","-1.7","17","52","55.58","346","385.53","0","1.0272","513","578.2796","4","5.71"
"Deebo Samuel","SF","WR","130.1","135.3","-5.200000000000017","8.7","9","-0.3","15","51","57.71","670","614.72","3","3.5424","136","163.5522","1","1.22"
"Rachaad White","TB","RB","180.1","154.3","25.799999999999983","11.3","9.6","1.6","16","51","47.67","393","266.29","6","2.4576","613","603.7886","3","4.78"
"Tyler Conklin","NYJ","TE","94.4","96.7","-2.299999999999997","5.9","6","-0.1","16","51","50.53","449","504.81","4","3.4176","0","4.0572","0","0"
"Aaron Jones","MIN","RB","222.1","239.9","-17.80000000000001","13.1","14.1","-1","17","51","47.58","408","322.98","2","3.696","1138","1067.2228","5","9.16"
"Tank Dell","HST","WR","114.5","128.8","-14.300000000000011","8.2","9.2","-1","14","51","50.3","667","709.05","3","4.704","43","39.3274","0","0.1"
"Chris Godwin","TB","WR","112.8","80.9","31.89999999999999","16.1","11.6","4.6","7","50","44.4","576","444.65","5","2.3136","2","3.283","0","0.01"
"Will Dissly","LAC","TE","85.1","81.8","3.299999999999997","5.7","5.5","0.2","15","50","46","481","431.66","2","2.6016","0","0","0","0"
"Tucker Kraft","GB","TE","138.3","96.1","42.20000000000002","8.1","5.7","2.5","17","50","48.59","707","452.45","7","4.2144","6","11.2504","0","0.02"
"Juwan Johnson","NO","TE","97.8","89.7","8.099999999999994","5.8","5.3","0.5","17","50","45.93","548","535.27","3","2.208","0","0","0","0"
"Jalen Tolbert","DAL","WR","127.5","114.1","13.400000000000006","7.5","6.7","0.8","17","49","45.31","610","594.77","7","5.3296","0","0","0","0"
"Tyler Lockett","SEA","WR","96.5","103.2","-6.700000000000003","5.7","6.1","-0.4","17","49","44.38","600","590.03","2","3.6672","0","0","0","0"
"Xavier Legette","CAR","WR","100.6","123.7","-23.10000000000001","6.3","7.7","-1.4","16","49","49.84","497","679.54","4","4.6656","24","26.6658","0","0.02"
"Noah Fant","SEA","TE","80","83.1","-3.0999999999999943","5.7","5.9","-0.2","14","48","46.7","500","467.63","1","2.1696","0","0","0","0"
"Adam Thielen","CAR","WR","115.5","91.5","24","11.6","9.2","2.4","10","48","38.94","615","515.89","5","3.408","0","0","0","0"
"Tre Tucker","LV","WR","105.8","115.5","-9.700000000000003","6.2","6.8","-0.6","17","47","50.22","539","695.88","3","2.3808","44","37.5732","1","0.46"
"Michael Wilson","ARZ","WR","103","102.5","0.5","6.4","6.4","0","16","47","44.1","548","567.83","4","3.8496","7","5.341","0","0.01"
"Stefon Diggs","HST","WR","97.9","88.3","9.600000000000009","12.2","11","1.2","8","47","43.84","496","509.8","3","2.4096","8","8.7318","1","0.01"
"Cole Kmet","CHI","TE","94.9","78.7","16.200000000000003","5.6","4.6","1","17","47","38.88","474","413.71","4","2.976","0","0","0","0"
"James Conner","ARZ","RB","228.3","213.8","14.5","14.3","13.4","0.9","16","47","47.38","414","318.87","1","1.3152","1094","958.825","8","9.07"
"Bucky Irving","TB","RB","222.9","194.1","28.80000000000001","13.1","11.4","1.7","17","47","45.13","392","260.21","0","1.584","1122","848.7502","8","8.53"
"Evan Engram","JAX","TE","66","77.9","-11.900000000000006","7.3","8.7","-1.3","9","47","46.67","365","479.19","1","1.1136","0","0","0","0"
"Kyle Pitts","ATL","TE","107.7","97.5","10.200000000000003","6.3","5.7","0.6","17","47","46.64","602","525.99","4","3.6","0","0","0","0"
"Romeo Doubs","GB","WR","107.1","99.8","7.299999999999997","8.2","7.7","0.6","13","46","43.18","601","605.71","4","2.9472","0","0","0","0"
"Kenneth Walker III","SEA","RB","158.2","166.4","-8.200000000000017","14.4","15.1","-0.7","11","46","45.85","299","288.57","1","1.5744","573","642.0494","7","6.82"
"Olamide Zaccheaus","WAS","WR","91.9","86.2","5.700000000000003","5.4","5.1","0.3","17","45","45.08","506","455.51","3","2.9472","8","3.5966","0","0.01"
"Rashod Bateman","BLT","WR","152.1","116.9","35.19999999999999","8.9","6.9","2.1","17","45","41.87","756","638.61","9","5.3584","0","0","0","0"
"Austin Hooper","NE","TE","88.1","80.6","7.5","5.2","4.7","0.4","17","45","41.75","476","433.84","3","2.7264","0","0","0","0"
"Dalton Kincaid","BUF","TE","78.8","101.7","-22.900000000000006","6.1","7.8","-1.8","13","44","49.97","448","546.45","2","3.6864","0","0","0","0"
"Amari Cooper","BUF","WR","100.7","120.4","-19.700000000000003","7.2","8.6","-1.4","14","44","50.69","547","720.38","4","3.8304","0","0","0","0"
"Chuba Hubbard","CAR","RB","224.1","223.1","1","14.9","14.9","0.1","15","43","45.69","171","282.84","1","1.4592","1195","1024.4176","10","10.13"
"Kayshon Boutte","NE","WR","98.4","97","1.4000000000000057","6.6","6.5","0.1","15","43","40.57","589","629.07","3","2.304","0","0","0","0"
"Tutu Atwell","LA","WR","77.9","89.1","-11.199999999999989","4.6","5.2","-0.7","17","42","40.88","562","594.86","0","1.3632","7","7.8694","0","0.03"
"D'Andre Swift","CHI","RB","191.5","204.7","-13.199999999999989","11.3","12","-0.8","17","42","43","386","317.5","0","0.2784","959","1093.0834","6","6.74"
"Isaiah Likely","BLT","TE","104.7","90.6","14.100000000000009","6.5","5.7","0.9","16","42","38.49","477","419.18","6","4.9056","0","0","0","0"
"Zach Charbonnet","SEA","RB","162.7","143","19.69999999999999","9.6","8.4","1.2","17","42","41.11","308","274.28","1","0.3072","569","558.6706","8","6.21"
"Dallas Goedert","PHI","TE","82.6","78.7","3.8999999999999915","8.3","7.9","0.4","10","42","36.89","496","389.83","2","3.552","0","0","0","0"
"Justice Hill","BLT","RB","106.1","76.4","29.69999999999999","7.1","5.1","2","15","42","39.07","383","251.44","3","1.1136","228","199.2634","1","0.85"
"T.J. Hockenson","MIN","TE","66","79.4","-13.400000000000006","6.6","7.9","-1.3","10","41","38.33","455","449.77","0","2.544","0","0","0","0"
"Devaughn Vele","DEN","WR","86","77.4","8.599999999999994","6.6","6","0.7","13","41","35.95","475","403.25","3","3.1776","0","0","0","0"
"Tony Pollard","TEN","RB","182.2","200.8","-18.600000000000023","11.4","12.6","-1.2","16","41","46.82","238","329.74","0","0.7104","1079","1134.0756","5","4.45"
"Noah Gray","KC","TE","93.3","77","16.299999999999997","5.5","4.5","1","17","40","35.27","437","369.84","5","3.7248","-4","0","0","0"
"Jordan Akins","CLV","TE","71","70.2","0.7999999999999972","4.2","4.1","0","17","40","38.41","390","385.64","2","2.064","0","0","0","0"
"Ameer Abdullah","LV","RB","107.2","101.2","6","7.7","7.2","0.4","14","40","38.07","261","263.72","3","1.9008","311","273.9598","2","2.83"
"Brenton Strange","JAX","TE","73.1","72.2","0.8999999999999915","4.3","4.2","0.1","17","40","36.83","411","381.63","2","2.6112","0","0","0","0"
"Darius Slayton","NYG","WR","90.5","101.1","-10.599999999999994","5.7","6.3","-0.7","16","39","40.74","573","605.05","2","3.0336","17","6.272","0","0.24"
"Tyler Boyd","TEN","WR","58.8","73.5","-14.700000000000003","3.7","4.6","-0.9","16","39","39.91","390","427.18","0","1.8064","3","0","0","0"
"Joshua Palmer","LAC","WR","83.9","97.8","-13.899999999999991","5.6","6.5","-0.9","15","39","37.86","584","609.21","1","2.9952","0","0","0","0"
"Rico Dowdle","DAL","RB","182.3","190","-7.699999999999989","11.4","11.9","-0.5","16","39","41.2","249","272.11","3","2.2272","1079","1012.1056","2","4.6"
"Travis Etienne Jr.","JAX","RB","112.7","143.8","-31.10000000000001","7.5","9.6","-2.1","15","39","41.83","254","276.1","0","1.4592","558","643.949","2","3.69"
"Dontayvion Wicks","GB","WR","91","117","-26","5.4","6.9","-1.5","17","39","46.32","415","601.79","5","5.6176","0","0","0","0"
"Marvin Mims Jr.","DEN","WR","110","74.5","35.5","6.5","4.4","2.1","17","39","38.45","503","356.25","6","2.208","42","60.368","0","0.06"
"Jaylen Warren","PIT","RB","107.1","122.2","-15.100000000000009","7.1","8.1","-1","15","38","36.92","310","265.3","0","1.5456","511","514.8822","1","2.74"
"Tyrone Tracy","NYG","RB","167.3","162.1","5.200000000000017","9.8","9.5","0.3","17","38","41.72","284","291.23","1","0.9696","839","827.6602","5","3.92"
"Jalen McMillan","TB","WR","116.9","93.7","23.200000000000003","9","7.2","1.8","13","37","35.76","461","467.62","8","4.5216","43","15.288","0","0.06"
"Alec Pierce","IND","WR","142.9","114.9","28","8.9","7.2","1.8","16","37","33.38","824","733.08","7","4.1472","0","0","0","0"
"Jerome Ford","CLV","RB","115.5","104.1","11.400000000000006","8.3","7.4","0.8","14","37","35.78","225","241.7","0","0.4224","565","454.622","3","2.34"
"Greg Dortch","ARZ","WR","73.8","63.1","10.699999999999996","4.3","3.7","0.6","17","37","35.02","342","297.24","3","2.1696","31","15.9544","0","0.21"
"Allen Lazard","NYJ","WR","107.5","90.5","17","9","7.5","1.4","12","37","39.16","530","508.99","6","3.3408","0","0","0","0"
"David Montgomery","DET","RB","201.6","183.8","17.799999999999983","14.4","13.1","1.3","14","36","31.87","341","226.17","0","0.7776","775","729.3482","12","11.28"
"Najee Harris","PIT","RB","186.6","212.6","-26","11","12.5","-1.5","17","36","40.42","283","264.03","0","0.6624","1043","1113.2224","6","8.45"
"Josh Jacobs","GB","RB","281.1","253.3","27.80000000000001","16.5","14.9","1.6","17","36","36.22","342","247.8","1","0.6912","1329","1233.1666","15","13.82"
"Joe Mixon","HST","RB","222.5","220.7","1.8000000000000114","15.9","15.8","0.1","14","36","40.54","309","267.21","1","2.1888","1016","1007.5788","11","9.97"
"Andrei Iosivas","CIN","WR","101.9","101.2","0.7000000000000028","6","6","0","17","36","37.72","479","490.79","6","5.5488","0","0","0","0"
"Alexander Mattison","LV","RB","119.4","135.8","-16.400000000000006","8.5","9.7","-1.2","14","36","37.86","294","251.46","1","0.576","420","549.7134","4","5.55"
"Calvin Austin III","PIT","WR","96.8","84","12.799999999999997","5.7","4.9","0.8","17","36","35.57","548","491.47","4","2.8512","0","0","0","0"
"Austin Ekeler","WAS","RB","114.8","100.5","14.299999999999997","9.6","8.4","1.2","12","35","34.89","366","226.72","0","0.6528","367","306.9474","4","4.29"
"Noah Brown","WAS","WR","68.8","75.7","-6.900000000000006","6.3","6.9","-0.6","11","35","35.04","453","498.48","1","1.3824","0","0","0","0"
"Kyren Williams","LA","RB","261.1","259","2.1000000000000227","16.3","16.2","0.1","16","34","32.87","182","219.75","2","2.0736","1299","1293.2884","14","13.13"
"Rhamondre Stevenson","NE","RB","161.4","182.7","-21.299999999999983","10.8","12.2","-1.4","15","33","34.04","168","201.04","1","2.5344","801","863.3616","7","7.34"
"Saquon Barkley","PHI","RB","334.8","262.7","72.10000000000002","20.9","16.4","4.5","16","33","30.92","278","231.53","2","2.6208","2005","1448.5784","13","10.58"
"Tim Patrick","DET","WR","73.9","79.1","-5.199999999999989","4.6","4.9","-0.3","16","33","30.83","394","400.29","3","3.9456","0","0","0","0"
"Ja'Tavion Sanders","CAR","TE","56.7","62.5","-5.799999999999997","3.5","3.9","-0.4","16","33","31.97","342","316.12","1","2.4768","0","0","0","0"
"Diontae Johnson","HST","WR","72.6","108.7","-36.10000000000001","6","9.1","-3","12","33","41.25","375","532.55","3","5.6576","6","8.6142","0","0.01"
"J.K. Dobbins","LAC","RB","175.8","161.1","14.700000000000017","13.5","12.4","1.1","13","32","30.89","153","189.24","0","1.0848","905","823.3388","9","6.32"
"Foster Moreau","NO","TE","87.3","80.6","6.700000000000003","5.1","4.7","0.4","17","32","28.66","413","344.51","5","5.3008","0","0","0","0"
"James Cook","BUF","RB","250.7","193.6","57.099999999999994","15.7","12.1","3.6","16","32","32.41","258","230.14","2","1.2192","1009","850.6514","16","10.34"
"Nick Westbrook-Ikhine","TEN","WR","119.7","89.5","30.200000000000003","7","5.3","1.8","17","32","33.2","497","448.05","9","4.6848","0","0","0","0"
"Sterling Shepard","TB","WR","62.3","70.9","-8.600000000000009","4.5","5.1","-0.6","14","32","31.48","334","377.95","1","2.2944","69","28.0378","0","0.13"
"Chris Olave","NO","WR","62.7","63.3","-0.5999999999999943","7.8","7.9","-0.1","8","32","27.96","400","349.28","1","2.392","7","0","0","0"
"David Moore","CAR","WR","69.1","86.1","-17","4.1","5.1","-1","17","32","33.37","351","440.77","3","3.9072","0","1.6954","0","0.29"
"Jalen Coker","CAR","WR","75.8","66.7","9.099999999999994","6.9","6.1","0.8","11","32","28.77","478","383.25","2","2.3328","0","0","0","0"
"Parker Washington","JAX","WR","73","74.7","-1.7000000000000028","4.3","4.4","-0.1","17","32","31.55","390","422.36","3","2.784","0","0","0","0"
"Curtis Samuel","BUF","WR","48.2","62.1","-13.899999999999999","3.4","4.4","-1","14","31","33.51","253","297.44","1","2.1408","14","11.5346","0","0.26"
"Mack Hollins","BUF","WR","83.3","78.6","4.700000000000003","4.9","4.6","0.3","17","31","28.72","378","403.23","5","3.984","0","0","0","0"
"KaVontae Turpin","DAL","WR","78.7","74.7","4","4.6","4.4","0.2","17","31","32.35","420","354.24","2","2.4864","92","73.6666","0","0.13"
"Ricky Pearsall","SF","WR","78","63.9","14.100000000000001","7.1","5.8","1.3","11","31","28.58","400","387.15","3","1.6608","45","9.3492","0","0"
"Demarcus Robinson","LA","WR","108","115","-7","6.4","6.8","-0.4","17","31","33.71","505","547.91","7","7.2192","0","0","0","0"
"Lil'Jordan Humphrey","DEN","WR","50.8","64.7","-13.900000000000006","3","3.8","-0.8","17","31","31.97","293","324.01","1","2.7264","0","0","0","0"
"Tyjae Spears","TEN","RB","98.6","90.8","7.799999999999997","8.2","7.6","0.6","12","30","29.46","224","200.86","1","0.6528","312","358.357","4","2.7"
"AJ Barner","SEA","TE","63.5","55.1","8.399999999999999","3.7","3.2","0.5","17","30","28.97","245","247.61","4","2.64","0","0","0","0"
"Dyami Brown","WAS","WR","54.4","48.2","6.199999999999996","3.4","3","0.4","16","30","27.39","308","255","1","1.2576","26","13.622","0","0.01"
"Colby Parkinson","LA","TE","50.4","68.1","-17.699999999999996","3","4","-1","17","30","34.36","294","336.68","1","2.8816","0","0","0","0"
"Theo Johnson","NYG","TE","53.6","57.4","-3.799999999999997","4.5","4.8","-0.3","12","29","30.94","331","332.05","1","1.4592","0","0","0","0"
"Christian Watson","GB","WR","90.8","86.8","4","6.1","5.8","0.3","15","29","26.85","620","489.3","2","3.744","23","16.6306","0","0.05"
"Keon Coleman","BUF","WR","95","92","3","7.3","7.1","0.2","13","29","30.95","556","454.08","4","5.1936","9","0","0","0"
"Cedric Tillman","CLV","WR","65.9","71.2","-5.299999999999997","6","6.5","-0.5","11","29","28.66","339","386.22","3","2.9856","-5","3.234","0","0.01"
"Josh Whyle","TEN","TE","44.8","48.7","-3.9000000000000057","2.6","2.9","-0.2","17","28","27.57","248","269.05","1","1.3344","0","0","0","0"
"Troy Franklin","DEN","WR","53.1","72.3","-19.199999999999996","3.3","4.5","-1.2","16","28","30.44","263","413.88","2","2.4672","8","9.0846","0","0"
"Kendrick Bourne","NE","WR","51.1","50","1.1000000000000014","4.3","4.2","0.1","12","28","24.31","305","287.13","1","1.4496","6","4.067","0","0"
"Jalen Nailor","MIN","WR","91","77.3","13.700000000000003","5.4","4.5","0.8","17","28","26.64","414","361.8","6","4.1184","-4","8.4182","0","0.38"
"Samaje Perine","KC","RB","67.4","53.8","13.600000000000009","4","3.2","0.8","17","28","27.28","322","180.16","1","1.6896","92","83.1432","1","0.61"
"Luke Schoonmaker","DAL","TE","43.6","44.7","-1.1000000000000014","2.6","2.6","-0.1","17","27","25.01","241","263.12","1","0.9792","0","0","0","0"
"Christian Kirk","JAX","WR","57.4","73.7","-16.300000000000004","7.2","9.2","-2","8","27","29.89","379","441.48","1","2.4288","0","0","0","0"
"Malik Washington","MIA","WR","43.8","46.5","-2.700000000000003","3.1","3.3","-0.2","14","26","25.94","223","242.36","0","1.1424","25","22.9712","1","0.03"
"Tyler Johnson","LA","WR","48.1","58.4","-10.299999999999997","3.2","3.9","-0.7","15","26","27.69","291","261.14","1","3.0816","0","0","0","0"
"Brandin Cooks","DAL","WR","56.6","78.8","-22.199999999999996","5.7","7.9","-2.2","10","26","29.63","259","395.43","3","3.7824","-3","11.8384","0","0.09"
"Brandon Aiyuk","SF","WR","49.9","67.8","-17.9","7.1","9.7","-2.6","7","25","28.08","374","408.11","0","2.16","0","0","0","0"
"John Metchie III","HST","WR","43.4","54.2","-10.800000000000004","3.3","4.2","-0.8","13","24","23.26","254","270.02","1","2.6016","0","0","0","0"
"Grant Calcaterra","PHI","TE","47.8","38.1","9.699999999999996","2.8","2.2","0.6","17","24","20.85","298","222.38","1","0.9024","0","0","0","0"
"Van Jefferson","PIT","WR","51.6","68.8","-17.199999999999996","3","4","-1","17","24","26.32","276","324.12","2","3.8784","0","0","0","0"
"Rashee Rice","KC","WR","52.9","38.2","14.699999999999996","13.2","9.6","3.7","4","24","22.89","288","230.72","2","0.5472","1","3.6456","0","0"
"Miles Sanders","CAR","RB","65.3","62.7","2.5999999999999943","5.9","5.7","0.2","11","24","23.29","148","149","1","0.6048","205","231.4082","2","1.57"
"Jaleel McLaughlin","DEN","RB","87.2","89.5","-2.299999999999997","5.5","5.6","-0.1","16","24","23.33","76","113.08","2","0.816","496","465.932","1","2.51"
"Tommy Tremble","CAR","TE","46.9","39.3","7.600000000000001","3.9","3.3","0.6","12","23","20.31","234","194.01","2","1.6224","0","0","0","0"
"Adonai Mitchell","IND","WR","43.3","83.7","-40.400000000000006","2.5","4.9","-2.4","17","23","31.2","312","483.44","0","3.0432","6","10.9074","0","0.07"
"Taysom Hill","NO","TE","94","61.2","32.8","11.8","7.7","4.1","8","23","23.72","187","200.61","0","0.72","278","149.6852","6","1.67"
"Antonio Gibson","NE","RB","91.9","98.8","-6.8999999999999915","5.4","5.8","-0.4","17","23","23.72","206","182.85","0","0.432","538","517.6364","1","2.39"
"Zack Moss","CIN","RB","72.4","86.4","-14","9.1","10.8","-1.8","8","23","23.28","187","156.7","1","0.7392","242","297.2446","2","4.15"
"Kareem Hunt","KC","RB","143.9","178.2","-34.29999999999998","11.1","13.7","-2.6","13","23","23.18","176","120.72","0","2.7168","728","809.7952","7","9.55"
"Jordan Whittington","LA","WR","41.5","36.2","5.299999999999997","3","2.6","0.4","14","22","20.79","293","210.92","0","0.6528","12","8.3006","0","0"
"Dawson Knox","BUF","TE","48.1","43.6","4.5","3","2.7","0.3","16","22","20.24","311","264.99","1","1.1712","0","0","0","0"
"Justin Watson","KC","WR","51.9","47.9","4","3.1","2.8","0.2","17","22","17.93","289","262.51","2","2.112","0","0","0","0"
"Josh Oliver","MIN","TE","54.8","44.8","10","3.7","3","0.7","15","22","19.2","258","217.58","3","2.2464","0","0","0","0"
"Devin Singletary","NYG","RB","90.1","91.8","-1.7000000000000028","6","6.1","-0.1","15","21","21.69","119","138.21","0","0.0672","437","480.5046","4","3.12"
"Mike Williams","PIT","WR","46.3","48.5","-2.200000000000003","2.6","2.7","-0.1","18","21","17.76","298","289.87","1","1.776","0","0","0","0"
"Michael Mayer","LV","TE","26.1","42","-15.899999999999999","2.4","3.8","-1.4","11","21","22.48","156","221.58","0","1.4304","0","0","0","0"
"Elijah Higgins","ARZ","TE","39.2","35.3","3.9000000000000057","2.3","2.1","0.2","17","20","18.16","172","177.09","2","1.4112","0","0","0","0"
"Drew Sample","CIN","TE","26.5","28.5","-2","1.6","1.7","-0.1","17","20","17.96","109","140.11","1","0.912","-4","0","0","0"
"Robert Woods","HST","WR","30.3","47.4","-17.099999999999998","2","3.2","-1.1","15","20","21.33","203","268.55","0","1.6416","0","0","0","0"
"Erick All","CIN","TE","25.8","25.6","0.1999999999999993","2.9","2.8","0","9","20","16.97","158","156.99","0","0.2304","0","0","0","0"
"Gabe Davis","JAX","WR","45.9","74","-28.1","4.6","7.4","-2.8","10","20","24.48","239","361.27","2","4.2736","0","0","0","0"
"Rashid Shaheed","NO","WR","65.8","69.3","-3.5","11","11.5","-0.6","6","20","23.15","349","403.2","3","2.4864","29","20.4722","0","0.08"
"Brian Robinson","WAS","RB","153.8","154.6","-0.799999999999983","11","11","-0.1","14","20","20.87","159","134.02","0","0.4512","799","748.9976","8","8.86"
"Cedrick Wilson Jr.","NO","WR","37.1","36","1.1000000000000014","2.5","2.4","0.1","15","20","19.9","211","231.26","1","0.48","0","0","0","0"
"Lucas Krull","DEN","TE","24.7","27.4","-2.6999999999999993","1.9","2.1","-0.2","13","19","17.35","152","180.37","0","0.1152","0","0","0","0"
"Braelon Allen","NYJ","RB","75.7","81","-5.299999999999997","4.5","4.8","-0.3","17","19","22.84","148","170.98","1","0.3072","334","390.9906","2","1.93"
"Tanner Hudson","CIN","TE","31","35.7","-4.700000000000003","2.8","3.2","-0.4","11","19","18.61","154","165.39","1","1.5744","1","4.0572","0","0"
"Jahan Dotson","PHI","WR","32.4","37.5","-5.100000000000001","1.9","2.2","-0.3","17","19","20.17","216","247.86","0","0.4416","13","0","0","0"
"Kyle Juszczyk","SF","RB","50.1","44.3","5.800000000000004","2.9","2.6","0.3","17","19","21.58","200","212.4","2","0.7872","26","17.395","1","0.96"
"Marquez Valdes-Scantling","NO","WR","75","68.4","6.599999999999994","5.4","4.9","0.5","14","19","22.54","411","432.54","4","2.2272","4","4.6452","0","0"
"Johnny Mundt","MIN","TE","35.7","37.9","-2.1999999999999957","2.1","2.2","-0.1","17","19","19.18","142","169.91","2","1.8912","0","0","0","0"
"Derrick Henry","BLT","RB","328.9","234.2","94.69999999999999","19.3","13.8","5.6","17","19","18.2","193","107.74","2","1.1904","1921","1346.8454","16","12.08"
"Raheem Mostert","MIA","RB","65.4","79.2","-13.799999999999997","5","6.1","-1.1","13","19","17.67","161","134.95","0","0.3744","278","348.655","2","3.3"
"Dare Ogunbowale","HST","RB","46.5","51.4","-4.899999999999999","2.7","3","-0.3","17","19","20.26","198","146.02","1","1.7856","112","122.7156","0","0.61"
"Darnell Washington","PIT","TE","35.5","33.1","2.3999999999999986","2.1","1.9","0.1","17","19","17.69","200","168.78","1","1.2288","0","0","0","0"
"JuJu Smith-Schuster","KC","WR","44.1","37.9","6.200000000000003","3.1","2.7","0.4","14","18","19.05","231","188.96","2","1.584","0","0","0","0"
"Jonathan Taylor","IND","RB","237.7","228.1","9.599999999999994","17","16.3","0.7","14","18","25.64","136","169.28","1","0.7968","1431","1249.718","11","11.44"
"Ty Johnson","BUF","RB","82.7","62.8","19.900000000000006","4.9","3.7","1.2","17","18","17.15","284","175.62","3","1.8816","213","167.041","1","1.44"
"Luke McCaffrey","WAS","WR","25.8","39.1","-13.3","1.5","2.3","-0.8","17","18","17.95","168","189.72","0","1.8624","0","0","0","0"
"Jeremy Ruckert","NYJ","TE","19.5","34.7","-15.200000000000003","1.1","2","-0.9","17","18","20.96","105","191.95","0","0.8352","0","0","0","0"
"Jonathan Mingo","DAL","WR","25.7","58.2","-32.5","1.5","3.4","-1.9","17","17","27.71","167","366.43","0","1.1328","5","9.4178","0","0"
"Kalif Raymond","DET","WR","42","28.8","13.2","3.5","2.4","1.1","12","17","15.39","215","168.7","2","0.5568","0","9.3198","0","0"
"Ray Davis","BUF","RB","107.6","89.2","18.39999999999999","6.3","5.2","1.1","17","17","14.68","189","113.77","3","1.0752","442","480.0824","3","2.67"
"Nick Vannett","TEN","TE","40","31.1","8.899999999999999","2.4","1.8","0.5","17","17","15.25","135","112.88","3","2.0256","0","0","0","0"
"DJ Turner","LV","WR","39.1","39.5","-0.3999999999999986","3.3","3.3","0","12","16","18.93","158","223.83","1","0.8064","33","21.0308","1","0.12"
"Trey Sermon","IND","RB","45.8","63.9","-18.1","2.7","3.8","-1.1","17","16","15.54","99","116.04","0","0.48","159","217.885","2","3.31"
"Roschon Johnson","CHI","RB","69.4","66.9","2.5","5.3","5.1","0.2","13","16","14.35","104","102.05","0","0.336","150","206.3806","6","4.47"
"Kenneth Gainwell","PHI","RB","54.6","75.7","-21.1","3.2","4.5","-1.2","17","16","18.64","116","133.33","0","0.6816","290","309.778","1","2.99"
"Stone Smartt","LAC","TE","28.8","27","1.8000000000000007","2.2","2.1","0.1","13","16","13.47","208","172.92","0","0.4992","0","0","0","0"
"Emari Demercado","ARZ","RB","46.7","35.4","11.300000000000004","3.6","2.7","0.9","13","16","15.9","104","124.03","0","0.5952","223","106.8298","1","0.13"
"Christian McCaffrey","SF","RB","42.3","50.2","-7.900000000000006","10.6","12.6","-2","4","15","14.81","146","124.41","0","0.768","202","216.335","0","0.69"
"Isaac Guerendo","SF","RB","88.7","71.5","17.200000000000003","5.9","4.8","1.1","15","15","13.07","152","111.01","0","0.192","420","346.793","4","3.01"
"Cade Stover","HST","TE","26.8","27.8","-1","1.8","1.9","-0.1","15","15","15.56","133","152.56","1","0.7968","0","0","0","0"
"Mason Tipton","NO","WR","16.9","30.8","-13.900000000000002","1.5","2.8","-1.3","11","14","15.07","99","208.24","0","0.4128","0","0","0","0"
"Kylen Granson","IND","TE","25.2","43.7","-18.500000000000004","1.5","2.6","-1.1","17","14","19.43","182","243.88","0","1.6032","0","0","0","0"
"Cam Akers","MIN","RB","88.2","80.8","7.400000000000006","5.9","5.4","0.5","15","14","13.5","68","77.35","3","1.3152","444","456.2002","2","2.13"
"Nelson Agholor","BLT","WR","42.1","43.1","-1","3","3.1","-0.1","14","14","16.39","231","243.22","2","1.7568","0","0","0","0"
"Nate Adkins","DEN","TE","36.5","23.7","12.8","2.1","1.4","0.8","17","14","11.77","115","108.58","3","1.1616","0","0","0","0"
"Daniel Bellinger","NYG","TE","19.5","17.2","2.3000000000000007","1.1","1","0.1","17","14","10.83","125","112.82","0","0.0768","0","0","0","0"
"Pierre Strong Jr.","CLV","RB","28.2","34.1","-5.900000000000002","2.4","2.8","-0.5","12","14","17.7","104","118.78","0","0.2688","108","112.0336","0","0.09"
"Brock Wright","DET","TE","28.5","30.2","-1.6999999999999993","1.7","1.8","-0.1","17","13","12.14","100","113.69","2","2.1312","0","0","0","0"
"Derius Davis","LAC","WR","33.6","23.9","9.700000000000003","2.4","1.7","0.7","14","13","11.46","112","88.5","2","0.6528","39","37.2204","0","0.28"
"Adam Trautman","DEN","TE","37.3","32.5","4.799999999999997","2.2","1.9","0.3","17","13","14.69","188","146.59","2","1.7472","0","0","0","0"
"Josh Reynolds","JAX","WR","31.9","32.5","-0.6000000000000014","3.5","3.6","-0.1","9","13","14.66","194","183.04","1","1.1424","0","0","0","0"
"Tyler Allgeier","ATL","RB","97.7","96.6","1.1000000000000085","5.7","5.7","0.1","17","13","11.44","88","78.88","0","0.1728","644","552.2214","3","4.45"
"Jake Bobo","SEA","WR","23.2","25.3","-2.1000000000000014","1.4","1.5","-0.1","17","13","11.96","107","144.89","1","0.8064","0","0","0","0"
"Hunter Luepke","DAL","RB","20.9","24.1","-3.200000000000003","1.3","1.5","-0.2","16","12","11.37","111","92.77","0","0.0576","38","45.5704","0","0.71"
"Ezekiel Elliott","DAL","RB","53.5","65.6","-12.099999999999994","3.6","4.4","-0.8","15","12","13.22","69","73.19","0","0.4608","226","298.646","3","3.18"
"Jordan Mims","NO","RB","20.1","28.6","-8.5","2.2","3.2","-0.9","9","12","14.35","71","99.69","0","0.3264","70","89.817","0","0.08"
"Ryan Miller","TB","WR","30.8","31.6","-0.8000000000000007","2.8","2.9","-0.1","11","12","12.74","128","145.27","2","1.7856","0","0","0","0"
"Mecole Hardman Jr.","KC","WR","27.2","23.6","3.599999999999998","2.5","2.1","0.3","11","12","12.13","90","73.38","0","1.2576","62","20.2468","1","0.11"
"Ja'Lynn Polk","NE","WR","26.7","46.4","-19.7","1.8","3.1","-1.3","15","12","18.23","87","241.78","2","2.112","0","2.9008","0","0.02"
"D'Ernest Johnson","JAX","RB","29.9","40.7","-10.800000000000004","2.3","3.1","-0.8","13","12","14.15","96","99.71","0","0.528","143","134.525","0","1.18"
"Jalen Brooks","DAL","WR","29.7","42.3","-12.599999999999998","2.1","3","-0.9","14","12","16.45","177","243.13","1","1.6224","0","0","0","0"
"Xavier Hutchinson","HST","WR","17.7","31.9","-14.2","1.1","2","-0.9","16","12","14.53","117","173.18","0","1.2192","0","0","0","0"
"Trey Palmer","TB","WR","29.2","30","-0.8000000000000007","1.9","2","-0.1","15","12","12.66","172","190.49","1","0.7776","0","0","0","0"
"Luke Farrell","JAX","TE","12.7","20.2","-7.5","0.7","1.2","-0.4","17","12","12.34","67","107.51","0","0.5472","0","0","0","0"
"Dante Pettis","NO","WR","24","36.2","-12.200000000000003","3","4.5","-1.5","8","12","14.83","120","187.42","1","1.68","0","0","0","0"
"Isiah Pacheco","KC","RB","50.9","64.8","-13.899999999999999","7.3","9.3","-2","7","12","13.37","79","72.94","0","0.5088","310","351.3304","1","2.1"
"Mo Alie-Cox","IND","TE","26.7","37.2","-10.500000000000004","1.6","2.2","-0.6","17","12","14.14","147","167.32","1","2.2272","0","0","0","0"
"Julian Hill","MIA","TE","16","28.2","-12.2","1","1.8","-0.8","16","12","12.86","100","128.84","0","1.4784","0","0","0","0"
"Cordarrelle Patterson","PIT","RB","33.5","34.7","-1.2000000000000028","2.6","2.7","-0.1","13","12","10.57","80","93.63","1","0.6144","135","140.0126","0","0.4"
"Chris Brooks","GB","RB","36.7","36.2","0.5","2.8","2.8","0","13","11","11.35","69","62.01","0","0.6048","183","143.4038","1","1.06"
"Payne Durham","TB","TE","29","19.8","9.2","1.8","1.2","0.6","16","11","8.35","115","92.57","2","1.056","0","0","0","0"
"Emanuel Wilson","GB","RB","90.5","73.9","16.599999999999994","5.3","4.3","1","17","11","11.03","48","48.8","1","0.3744","502","420.2248","4","3.2"
"Jordan Mason","SF","RB","111.5","116.4","-4.900000000000006","9.3","9.7","-0.4","12","11","10.8","91","93.19","0","0.5088","789","625.946","3","6.01"
"Devin Duvernay","JAX","WR","13.7","23","-9.3","1.1","1.9","-0.8","12","11","10.03","79","123.17","0","0.5952","3","16.4836","0","0.08"
"Tyler Goodson","IND","RB","38.9","40.2","-1.3000000000000043","2.6","2.7","-0.1","15","11","11.49","61","79.26","1","1.0656","153","134.6912","1","1.11"
"Eric Saubert","SF","TE","21.2","23.6","-2.400000000000002","1.2","1.4","-0.1","17","11","9.89","97","99.27","1","1.4496","0","0","0","0"
"Michael Carter","ARZ","RB","30.3","36.3","-5.9999999999999964","10.1","12.1","-2","3","11","9.86","57","65.38","0","0.3456","131","140.2188","1","1.46"
"Tylan Wallace","BLT","WR","30.8","15","15.8","1.8","0.9","0.9","17","11","9.11","193","94.69","1","0.1632","0","0","0","0"
"Alec Ingold","MIA","RB","22.8","20.6","2.1999999999999993","1.5","1.4","0.1","15","11","8.94","96","77.04","0","0.336","17","35.4956","1","0.48"
"Kevin Austin Jr.","NO","WR","21.5","27.3","-5.800000000000001","2.7","3.4","-0.7","8","11","13.28","151","188.97","0","0.2112","9","4.5178","0","0.01"
"Ryan Flournoy","DAL","WR","15.2","18.6","-3.400000000000002","1.4","1.7","-0.3","11","10","9.54","102","127.04","0","0.192","0","0","0","0"
"Eric Gray","NYG","RB","16.3","23.4","-7.099999999999998","1.2","1.7","-0.5","14","10","9.44","82","51.97","0","0.288","31","51.1176","0","1.1"
"Malik Heath","GB","WR","26.7","17.4","9.3","2.2","1.4","0.8","12","10","7.84","97","76.86","2","0.9696","0","0","0","0"
"Khalil Herbert","CIN","RB","26.5","38.9","-12.399999999999999","2","3","-1","13","10","9.79","25","57.22","0","0.5664","130","138.6508","1","1.84"
"JaMycal Hasty","NE","RB","23.8","21.9","1.9000000000000021","2","1.8","0.2","12","10","9.8","59","67.79","1","0.1536","69","88.641","0","0.08"
"Michael Burton","DEN","RB","24.3","26.7","-2.3999999999999986","1.4","1.6","-0.1","17","10","8.09","65","61.63","1","0.9696","8","18.3562","1","1.47"
"Brevyn Spann-Ford","DAL","TE","13.3","18.4","-5.099999999999998","0.8","1.1","-0.3","17","9","10.05","88","103.35","0","0.5088","0","0","0","0"
"Charlie Kolar","BLT","TE","23.8","15.5","8.3","1.8","1.2","0.6","13","9","7.83","131","85.86","1","0.4416","2","3.9494","0","0"
"Bub Means","NO","WR","22.3","20.6","1.6999999999999993","3.2","2.9","0.2","7","9","9.04","118","123.64","1","0.6144","0","0","0","0"
"Odell Beckham Jr.","MIA","WR","10","26.2","-16.2","1.1","2.9","-1.8","9","9","11.93","55","129.95","0","1.2","0","0","0","0"
"Isaiah Davis","NYJ","RB","41.4","29.4","12","4.6","3.3","1.3","9","9","9.43","75","64.16","1","0.7008","174","126.4886","1","0.23"
"DeAndre Carter","CHI","WR","11.7","20.7","-9","1.3","2.3","-1","9","9","9.06","72","106.72","0","0.9216","0","0","0","0"
"Andrew Ogletree","IND","TE","21.4","23.5","-2.1000000000000014","1.3","1.4","-0.1","17","9","9.53","109","128.93","1","0.9696","0","0","0","0"
"Durham Smythe","MIA","TE","9.8","24.6","-14.8","0.6","1.4","-0.9","17","9","11.56","53","117.65","0","1.1808","0","0","0","0"
"Rakim Jarrett","TB","WR","16.9","16.3","0.5999999999999979","1.7","1.6","0.1","10","9","6.58","124","88.44","0","0.6912","0","0","0","0"
"Sean Tucker","TB","RB","64.2","42.2","22","5.4","3.5","1.8","12","9","9.08","109","72.49","1","0.0192","308","208.0548","2","1.59"
"Jeremy McNichols","WAS","RB","57.3","47.6","9.699999999999996","3.6","3","0.6","16","9","8.85","27","57.8","0","0.3744","261","223.803","4","2.13"
"Jamaal Williams","NO","RB","32.6","37.4","-4.799999999999997","2.3","2.7","-0.3","14","9","7.54","57","56.37","0","0.0576","164","199.332","1","1.29"
"Marquise Brown","KC","WR","13.6","21.2","-7.6","6.8","10.6","-3.8","2","9","10.85","91","128.56","0","0.48","0","0","0","0"
"Harrison Bryant","LV","TE","13.1","12.5","0.5999999999999996","1","1","0","13","9","8.83","86","80.18","0","0.0096","0","0","0","0"
"Jamison Crowder","WAS","WR","23.7","23.4","0.3000000000000007","3.9","3.9","0.1","6","9","8.64","72","98.34","2","1.536","0","0","0","0"
"Trent Sherfield","MIN","WR","18.3","13.4","4.9","1.1","0.8","0.3","17","8","6.63","83","65.88","1","0.5856","0","0","0","0"
"John Bates","WAS","TE","12.4","14.3","-1.9000000000000004","0.7","0.8","-0.1","17","8","8.48","84","88.01","0","0.2112","0","0","0","0"
"Jalin Hyatt","NYG","WR","10.2","26.1","-15.900000000000002","0.6","1.6","-1","16","8","10.56","62","199.82","0","0.1344","0","0","0","0"
"Bo Melton","GB","WR","18.5","28.5","-10","1.1","1.7","-0.6","17","8","8.22","91","129.74","0","1.2768","54","35.084","0","0.04"
"Zay Jones","ARZ","WR","12.4","15.5","-3.0999999999999996","1.1","1.4","-0.3","11","8","7.81","84","113.84","0","0.0288","0","0","0","0"
"Gerald Everett","CHI","TE","7.6","16","-8.4","0.4","0.9","-0.5","17","8","9.35","36","74.65","0","0.6432","0","0","0","0"
"Tyler Higbee","LA","TE","22.6","20.4","2.200000000000003","7.5","6.8","0.7","3","8","8.84","66","56.86","2","1.7088","0","0","0","0"
"Hayden Hurst","LAC","TE","11.3","22.5","-11.2","1.3","2.5","-1.2","9","8","9.78","73","88.69","0","1.4496","0","0","0","0"
"Pharaoh Brown","SEA","TE","10.5","17.2","-6.699999999999999","0.7","1.1","-0.4","15","8","9.3","65","90.36","0","0.5856","0","0","0","0"
"Michael Woods II","CLV","WR","10","26.6","-16.6","2","5.3","-3.3","5","7","11.5","65","142.79","0","1.0944","0","0","0","0"
"Ainias Smith","PHI","WR","14.2","12.6","1.5999999999999996","2","1.8","0.2","7","7","6.75","41","57.28","1","0.4416","6","8.3104","0","0.01"
"Luke Musgrave","GB","TE","8","12.5","-4.5","1.1","1.8","-0.6","7","7","6.71","45","73.69","0","0.2976","0","0","0","0"
"Blake Corum","LA","RB","30","46.4","-16.4","2.1","3.3","-1.2","14","7","7.13","58","53.82","0","0","207","247.7444","0","2.11"
"Britain Covey","PHI","WR","6.9","10.9","-4","1.4","2.2","-0.8","5","7","6.5","34","43.25","0","0.5472","0","0","0","0"
"Charlie Woerner","ATL","TE","8.1","12.2","-4.1","0.5","0.8","-0.3","16","7","8.68","46","76.56","0","0.0384","0","0","0","0"
"Hunter Long","LA","TE","9.5","10.9","-1.4000000000000004","0.6","0.6","-0.1","17","7","7.38","60","70.55","0","0.0192","0","0","0","0"
"Tucker Fisk","LAC","TE","7.4","11.5","-4.1","0.8","1.3","-0.5","9","7","6.44","39","55.69","0","0.4512","0","0","0","0"
"Brandon Powell","MIN","WR","10.6","13.7","-3.0999999999999996","0.6","0.8","-0.2","17","7","6.89","71","92.99","0","0.1632","0","0","0","0"
"KhaDarel Hodge","ATL","WR","22.6","16.1","6.5","1.5","1.1","0.4","15","7","6.69","131","85.9","1","0.6912","0","0","0","0"
"Jalen Reagor","LAC","WR","13.2","15.1","-1.9000000000000004","1.6","1.9","-0.2","8","7","6.72","100","85.32","0","0.3072","-3","8.3692","0","0.09"
"Tank Bigsby","JAX","RB","127.5","124.8","2.700000000000003","8.5","8.3","0.2","15","7","9.6","54","64.77","0","0.0768","766","678.8672","7","7.53"
"Carson Steele","KC","RB","24.4","47.6","-23.200000000000003","1.5","3","-1.5","16","7","8.77","26","56.41","0","0.3648","183","230.4964","0","2.06"
"River Cracraft","MIA","WR","10.1","10.7","-0.5999999999999996","1.3","1.3","-0.1","8","7","5.3","66","57.9","0","0.3744","0","0","0","0"
"K.J. Osborn","WAS","WR","15.2","23.3","-8.100000000000001","1.9","2.9","-1","8","7","11.23","57","107.65","1","1.1616","0","0","0","0"
"Chris Conley","SF","WR","10.6","21.1","-10.500000000000002","0.7","1.4","-0.7","15","6","7.18","76","126.12","0","0.816","0","0","0","0"
"Zamir White","LV","RB","30.3","46","-15.7","3.8","5.8","-2","8","6","7.12","30","34.68","0","0.0288","183","277.3992","1","1.85"
"Connor Heyward","PIT","TE","13","10.6","2.4000000000000004","0.8","0.6","0.1","17","6","5.58","40","66.94","1","0.1824","0","0","0","0"
"Tip Reiman","ARZ","TE","6.7","7.6","-0.8999999999999995","0.4","0.4","-0.1","17","6","5.69","37","44.94","0","0.048","0","0","0","0"
"Davis Allen","LA","TE","6.9","19.6","-12.700000000000001","0.5","1.4","-0.9","14","6","9.4","39","73.16","0","1.2592","0","0","0","0"
"Blake Whiteheart","CLV","TE","14.1","16.8","-2.700000000000001","1.3","1.5","-0.2","11","6","6.64","51","77.71","1","0.9504","0","0","0","0"
"Xavier Gipson","NYJ","WR","13.4","15.6","-2.1999999999999993","0.8","1","-0.1","16","6","6.67","39","82.99","1","0.5856","5","4.2826","0","0"
"Sincere McCormick","LV","RB","24.2","30.2","-6","6","7.5","-1.5","4","6","5.15","29","34.97","0","0.2208","183","166.1688","0","1.03"
"MyCole Pruitt","PIT","TE","13","16","-3","1.1","1.3","-0.3","12","6","8.07","40","76.08","1","0.72","0","0","0","0"
"Bryce Oliver","TEN","WR","12.5","10.7","1.8000000000000007","1.4","1.2","0.2","9","6","4.97","95","68.9","0","0.2208","0","0","0","0"
"D'Onta Foreman","CLV","RB","31.6","57.6","-26","2.9","5.2","-2.4","11","6","6.99","54","51.64","0","0.0288","232","288.4344","0","3.32"
"Ty Chandler","MIN","RB","25.4","36.6","-11.200000000000003","2.3","3.3","-1","11","6","5.42","42","32.32","0","0.2304","182","243.6966","0","0.82"
"Simi Fehoko","LAC","WR","13.6","26.5","-12.9","1.7","3.3","-1.6","8","6","8.88","106","143.74","0","1.2768","0","0","0","0"
"Trey Benson","ARZ","RB","44","39.4","4.600000000000001","3.4","3","0.4","13","6","5.46","59","34.28","0","0.0288","291","282.1228","1","0.81"
"Parris Campbell","PHI","WR","12","10.5","1.5","2.4","2.1","0.3","5","6","4.65","30","37.5","1","0.7392","0","0","0","0"
"Audric Estime","DEN","RB","48.2","48.7","-0.5","3.7","3.7","0","13","5","4.51","27","31.29","0","0","310","330.9072","2","1.7"
"Peyton Hendershot","KC","TE","7.6","6.6","1","1.3","1.1","0.2","6","5","3.89","51","33.76","0","0.2112","0","0","0","0"
"Laviska Shenault Jr.","LAC","WR","6.2","5.7","0.5","0.6","0.5","0","11","5","4.54","36","29.23","0","0.0096","1","4.606","0","0"
"Devin Culp","TB","TE","11.3","10.4","0.9000000000000004","2.3","2.1","0.2","5","5","4","88","56.36","0","0.4608","0","0","0","0"
"Scott Miller","PIT","WR","9.4","12","-2.5999999999999996","0.7","0.9","-0.2","13","5","6.12","69","82.38","0","0.1152","0","0","0","0"
"Quintin Morris","BUF","TE","12.1","13","-0.9000000000000004","0.8","0.9","-0.1","15","5","5.17","36","66","1","0.6432","0","0","0","0"
"Kendre Miller","NO","RB","26.6","27.9","-1.2999999999999972","4.4","4.6","-0.2","6","5","7.02","33","56.49","0","0.0192","148","168.56","1","0.29"
"Kenny Yeboah","NYJ","TE","13.2","12.4","0.7999999999999989","1.5","1.4","0.1","9","5","5.95","47","54.17","1","0.6624","0","0","0","0"
"C.J. Ham","MIN","RB","13","9.5","3.5","0.8","0.6","0.2","17","5","5.16","35","35.62","0","0.0096","10","6.125","1","0.45"
"Johnny Wilson","PHI","WR","12.3","23.6","-11.3","0.8","1.5","-0.7","16","5","9.45","38","106.91","1","1.3632","0","0","0","0"
"Ronnie Rivers","LA","RB","15.8","17.8","-2","3.2","3.6","-0.4","5","5","5.64","34","28.29","0","0.0192","99","92.2866","0","0.46"
"Ben Sinnott","WAS","TE","11.3","8.3","3","0.7","0.5","0.2","17","5","4.12","28","29.36","1","0.5568","0","0","0","0"
"Nick Chubb","CLV","RB","62.8","76.1","-13.299999999999997","7.8","9.5","-1.7","8","5","7.32","31","53.24","1","0.384","332","425.7814","3","3.7"
"Cam Grandy","CIN","TE","5.3","8.4","-3.1000000000000005","0.7","1.1","-0.4","8","5","4.07","28","31.26","0","0.5376","0","0","0","0"
"Greg Dulcich","NYG","TE","5.3","12.8","-7.500000000000001","0.6","1.4","-0.8","9","5","7.31","28","75.55","0","0.2592","0","0","0","0"
"Kimani Vidal","LAC","RB","30.2","32.3","-2.099999999999998","3","3.2","-0.2","10","5","6.37","62","56.52","1","0.1728","155","191.0608","0","0.56"
"Ben Skowronek","PIT","WR","9.4","6.9","2.5","1","0.8","0.3","9","5","3.8","69","48.84","0","0.0192","0","0","0","0"
"Deven Thompkins","CAR","WR","4.7","6.7","-2","0.7","1","-0.3","7","4","3.56","20","21.91","0","0.2688","7","8.526","0","0.04"
"Scott Matlock","LAC","RB","4.8","5.7","-0.9000000000000004","0.3","0.3","-0.1","17","4","4.27","28","35.79","0","0","0","0","0","0"
"Tyquan Thornton","NE","WR","6.7","12.4","-5.7","1.1","2.1","-1","6","4","4.66","47","79.49","0","0.3552","0","0","0","0"
"Ben Sims","GB","TE","6.2","6.8","-0.5999999999999996","0.4","0.4","0","16","4","2.93","42","26.9","0","0.4416","0","0","0","0"
"Will Shipley","PHI","RB","13.7","19.4","-5.699999999999999","1.7","2.4","-0.7","8","4","3.25","35","22.59","0","0.2496","82","125.7438","0","0.24"
"Jacob Cowing","SF","WR","10.7","8.7","2","0.9","0.7","0.2","12","4","2.9","80","42.14","0","0.4224","7","4.7628","0","0"
"Will Mallory","IND","TE","4.9","9.6","-4.699999999999999","0.5","1","-0.5","10","4","5.18","29","69.76","0","0.0096","0","0","0","0"
"Jermaine Burton","CIN","WR","12.7","26.1","-13.400000000000002","0.9","1.9","-1","14","4","5.67","107","124.17","0","1.8144","0","0","0","0"
"DJ Chark Jr.","LAC","WR","11.1","14.4","-3.3000000000000007","1.6","2.1","-0.5","7","4","5.17","31","65.32","1","0.8832","0","0","0","0"
"Treylon Burks","TEN","WR","5.5","12.3","-6.800000000000001","1.1","2.5","-1.4","5","4","4.8","34","75.87","0","0.2208","1","9.555","0","0"
"Ian Thomas","CAR","TE","2.2","7","-4.8","0.4","1.4","-1","5","3","4","7","41.84","0","0.1344","0","0","0","0"
"Clyde Edwards-Helaire","NO","RB","8.5","10.8","-2.3000000000000007","4.3","5.4","-1.2","2","3","4.07","24","25.57","0","0","46","58.1238","0","0.07"
"James Proche II","CLV","WR","3.6","2.9","0.7000000000000002","0.5","0.4","0.1","7","3","1.9","21","16.21","0","0.048","0","0","0","0"
"Tim Jones","JAX","WR","5.6","6","-0.40000000000000036","0.3","0.4","0","16","3","3.61","41","42.21","0","0","0","0","0","0"
"Patrick Taylor","SF","RB","28.3","39.9","-11.599999999999998","4","5.7","-1.7","7","3","9.35","25","74.46","0","0.1536","183","157.731","1","1.84"
"Hassan Haskins","LAC","RB","33.3","37","-3.700000000000003","2.4","2.6","-0.3","14","3","2.57","49","23.3","1","0.0096","89","113.27","2","3.67"
"Trenton Irwin","CIN","WR","3","21.1","-18.1","0.4","3","-2.6","7","3","5.45","15","44.14","0","2.3248","0","0","0","0"
"Travis Homer","CHI","RB","4.9","6.1","-1.1999999999999993","0.8","1","-0.2","6","3","2.6","11","19.63","0","0","23","27.0578","0","0.02"
"Malachi Corley","NYJ","WR","5.7","11.8","-6.1000000000000005","0.8","1.7","-0.9","7","3","3.52","16","36.26","0","0.8928","26","7.2226","0","0.06"
"D'Wayne Eskridge","MIA","WR","5.9","3.6","2.3000000000000003","1","0.6","0.4","6","3","2.38","44","23.93","0","0.0096","0","0","0","0"
"Josiah Deguara","JAX","TE","2.9","5.3","-2.4","0.2","0.4","-0.2","12","3","2.48","14","15.13","0","0.4224","0","0","0","0"
"Tanner Conner","MIA","TE","3.1","7.5","-4.4","0.5","1.3","-0.7","6","3","2.76","16","34.39","0","0.4512","0","0","0","0"
"Gus Edwards","LAC","RB","62.6","70","-7.399999999999999","5.7","6.4","-0.7","11","3","3.69","6","24.47","0","0.0096","365","407.8964","4","4.14"
"Craig Reynolds","DET","RB","19.4","20.1","-0.7000000000000028","1.5","1.5","-0.1","13","3","4.41","40","30.6","0","0.0096","139","136.0142","0","0.19"
"Dan Chisena","CAR","WR","5.2","4","1.2000000000000002","0.9","0.7","0.2","6","3","2.63","37","27.11","0","0","0","0","0","0"
"Kenny McIntosh","SEA","RB","20.9","18","2.8999999999999986","2.6","2.3","0.4","8","3","2.58","22","18.82","0","0","172","135.6222","0","0.21"
"Jamari Thrash","CLV","WR","3.7","8.2","-4.499999999999999","0.4","0.9","-0.5","9","3","4.5","22","48.24","0","0.192","0","0","0","0"
"Dallin Holker","NO","TE","3.6","4.1","-0.49999999999999956","0.3","0.3","0","12","3","2.14","21","19.8","0","0.1728","0","0","0","0"
"David Bell","CLV","WR","4.2","4.1","0.10000000000000053","4.2","4.1","0.1","1","3","2.13","27","20.14","0","0.1728","0","0","0","0"
"Jeff Wilson Jr.","MIA","RB","9.1","13.5","-4.4","1","1.5","-0.5","9","3","2.6","19","19.33","0","0.0576","57","63.8666","0","0.59"
"Chris Manhertz","NYG","TE","10.5","6.9","3.5999999999999996","0.6","0.4","0.2","17","3","2.8","30","23.62","1","0.5184","0","0","0","0"
"Jaylen Wright","MIA","RB","27.2","40.5","-13.3","1.8","2.7","-0.9","15","3","4.98","8","28.77","0","0.2976","249","303.9176","0","0.49"
"Jonathon Brooks","CAR","RB","6","12.9","-6.9","2","4.3","-2.3","3","3","2.7","23","10.46","0","0.4992","22","36.6324","0","0.64"
"Tyler Badie","DEN","RB","9.9","8.8","1.0999999999999996","3.3","2.9","0.4","3","3","2.7","-2","16.54","0","0.1152","86","48.412","0","0.05"
"Alex Bachman","LV","WR","4.6","3.8","0.7999999999999998","0.9","0.8","0.2","5","3","2.27","31","26.31","0","0.0096","0","0","0","0"
"Deuce Vaughn","DAL","RB","10.3","14.4","-4.1","1.7","2.4","-0.7","6","3","3.52","18","25.71","0","0","70","73.9214","0","0.45"
"Allen Robinson II","DET","WR","4.5","7.2","-2.7","0.4","0.6","-0.2","12","3","4.49","30","45.22","0","0.0768","0","0","0","0"
"Terrace Marshall Jr.","LV","WR","5.6","6.7","-1.1000000000000005","0.8","1","-0.2","7","3","3.56","41","49.07","0","0","0","0","0","0"
"DeeJay Dallas","ARZ","RB","13.5","11","2.5","2.3","1.8","0.4","6","3","2.61","11","11.47","1","0.7392","49","38.2298","0","0.05"
"Patrick Ricard","BLT","RB","9.7","8.3","1.3999999999999986","0.6","0.5","0.1","17","3","3.25","22","23.69","1","0.72","0","0","0","0"
"Sione Vaki","DET","RB","6.6","6.7","-0.10000000000000053","0.7","0.7","0","10","3","2.43","37","26.88","0","0","14","25.9406","0","0.04"
"Brevin Jordan","HST","TE","1.7","3.3","-1.5999999999999999","0.8","1.6","-0.8","2","2","2.62","7","20.33","0","0","0","0","0","0"
"Julius Chestnut","TEN","RB","12.3","15.9","-3.5999999999999996","1.2","1.6","-0.4","10","2","2.71","11","18.35","0","0.0288","102","91.5418","0","0.56"
"Dameon Pierce","HST","RB","42.5","24.4","18.1","4.3","2.4","1.8","10","2","3.49","2","19.33","0","0.096","293","175.2828","2","0.44"
"Mason Kinsey","TEN","WR","2.7","3","-0.2999999999999998","0.5","0.5","0","6","2","1.48","17","17.37","0","0.0864","0","0","0","0"
"Kristian Wilkerson","LV","WR","8.8","6.3","2.500000000000001","4.4","3.1","1.3","2","2","2.08","18","13.17","1","0.6624","0","0","0","0"
"Ashton Dulin","IND","WR","18.2","19.3","-1.1000000000000014","1.2","1.3","-0.1","15","2","4.7","67","91.98","1","0.8832","45","22.736","0","0.03"
"Jaheim Bell","NE","TE","3","3.2","-0.20000000000000018","0.2","0.2","0","13","2","2","20","22.17","0","0","0","0","0","0"
"Xavier Smith","LA","WR","5.2","4.3","0.9000000000000004","0.6","0.5","0.1","9","2","1.74","6","14.24","0","0","36","17.8458","0","0.03"
"Austin Trammell","JAX","WR","5","4.2","0.7999999999999998","5","4.2","0.8","1","2","1.72","40","29.89","0","0.0576","0","0","0","0"
"Nikko Remigio","KC","WR","5.8","6.8","-1","1.4","1.7","-0.3","4","2","3.77","48","49.2","0","0","0","0","0","0"
"Ronnie Bell","SF","WR","3.2","7.8","-4.6","0.4","1","-0.6","8","2","3.19","22","45.48","0","0.2688","0","0","0","0"
"Cody White","SEA","WR","5.4","3.8","1.6000000000000005","1.4","0.9","0.4","4","2","1.71","44","25.07","0","0.0768","0","0","0","0"
"Isaiah Hodgins","NYG","WR","2.2","2.8","-0.5999999999999996","0.7","0.9","-0.2","3","2","1.63","12","19.26","0","0.0096","0","0","0","0"
"Jack Stoll","MIA","TE","2","3.4","-1.4","0.2","0.4","-0.2","9","2","2.15","10","18.55","0","0.0768","0","0","0","0"
"Eric Tomlinson","LAC","TE","1.9","5.3","-3.4","0.2","0.6","-0.4","9","2","3","9","16.56","0","0.3552","0","0","0","0"
"Isaiah Williams","CIN","WR","1.6","3.8","-2.1999999999999997","0.2","0.5","-0.3","7","2","2.55","6","25.44","0","0","0","0","0","0"
"Grant DuBose","MIA","WR","2.1","5.6","-3.4999999999999996","0.7","1.9","-1.2","3","2","2.72","11","38.69","0","0.0672","0","0","0","0"
"J.J. Taylor","HST","RB","5.4","8.5","-3.0999999999999996","1.4","2.1","-0.8","4","2","2.39","0","12.16","0","0","44","42.5124","0","0.3"
"E.J. Jenkins","PHI","TE","7.2","4.4","2.8","0.9","0.6","0.3","8","1","1.2","7","6.01","1","0.5376","0","0","0","0"
"Charlie Jones","CIN","WR","1","1.4","-0.3999999999999999","0.1","0.2","-0.1","7","1","0.79","5","7.28","0","0.0384","0","0","0","0"
"Jacob Kibodi","CLV","RB","4.4","6.8","-2.3999999999999995","4.4","6.8","-2.4","1","1","2.39","15","18.81","0","0.2304","24","22.8242","0","0.01"
"Ross Dwelley","ATL","TE","1","1","0","0.1","0.1","0","14","1","0.85","5","5.91","0","0","0","0","0","0"
"Anthony Miller","BLT","WR","2.1","1.1","1","1.1","0.6","0.5","2","1","0.49","16","8.95","0","0","0","0","0","0"
"Javon Baker","NE","WR","1.7","4.8","-3.0999999999999996","0.2","0.5","-0.3","9","1","2.24","12","36.45","0","0.0096","0","0","0","0"
"Chris Blair","ATL","WR","2.2","3.2","-1","0.7","1.1","-0.3","3","1","1.23","17","25.55","0","0.0096","0","0","0","0"
"John Samuel Shenker","LV","TE","1.2","1.3","-0.10000000000000009","0.2","0.2","0","7","1","0.84","7","8.49","0","0","0","0","0","0"
"Sam Hubbard","CIN","TE","6.7","2.9","3.8000000000000003","1.7","0.7","1","4","1","0.45","2","0.9","1","0.432","0","0","0","0"
"Geoff Swaim","CLV","TE","1.2","1.2","0","0.1","0.1","0","8","1","0.85","7","7.88","0","0","0","0","0","0"
"Brandon Johnson","PIT","WR","1.4","1.1","0.2999999999999998","0.5","0.4","0.1","3","1","0.79","9","6.85","0","0","0","0","0","0"
"David Martin-Robinson","TEN","TE","1.1","1.2","-0.09999999999999987","0.2","0.2","0","5","1","0.89","6","8.04","0","0","0","0","0","0"
"Anthony Gould","IND","WR","2.8","1.6","1.1999999999999997","0.7","0.4","0.3","4","1","0.63","23","13.05","0","0","0","0","0","0"
"Feleipe Franks","CAR","TE","1.7","3.9","-2.2","0.1","0.3","-0.2","12","1","1.72","12","30.57","0","0","0","0","0","0"
"Jaelon Darden","SEA","WR","1.1","1","0.10000000000000009","0.4","0.3","0","3","1","0.91","6","5.16","0","0","0","0","0","0"
"John FitzPatrick","GB","TE","0.7","1.1","-0.40000000000000013","0.1","0.1","0","9","1","0.85","2","7.18","0","0","0","0","0","0"
"Trent Taylor","SF","WR","1.6","1.5","0.10000000000000009","0.8","0.8","0.1","2","1","0.77","11","10.46","0","0.0096","0","0","0","0"
"Robbie Chosen","MIA","WR","1","10.6","-9.6","0.5","5.3","-4.8","2","1","2.49","5","33.71","0","1","0","0","0","0"
"Velus Jones Jr.","CAR","RB","2.4","2.2","0.19999999999999973","1.2","1.1","0.1","2","1","0.95","8","3.79","0","0","11","13.2104","0","0.01"
"Dalvin Cook","DAL","RB","3.5","5.2","-1.7000000000000002","1.8","2.6","-0.9","2","1","0.84","10","8.61","0","0","20","38.3768","0","0.02"
"Blake Watson","DEN","RB","2.8","4.1","-1.2999999999999998","1.4","2","-0.6","2","1","1.77","13","10.56","0","0.0576","10","16.6796","0","0.03"
"Collin Johnson","CHI","WR","1.1","1.9","-0.7999999999999998","0.1","0.2","-0.1","8","1","1.29","6","12.72","0","0","0","0","0","0"
"Jared Wiley","KC","TE","1.2","0.5","0.7","0.2","0.1","0.1","7","1","0.5","7","2.75","0","0","0","0","0","0"
"Chris Collier","LV","RB","1.3","4.8","-3.5","0.4","1.6","-1.2","3","1","1.87","-4","11.98","0","0.0192","12","23.0006","0","0.04"
"Casey Washington","ATL","WR","1.9","2.7","-0.8000000000000003","0.9","1.4","-0.4","2","1","1.2","14","19.63","0","0.0192","0","0","0","0"
"Tyler Scott","CHI","WR","1","1","0","0.1","0.1","0","9","1","0.9","5","5.81","0","0","0","0","0","0"
"Devontez Walker","BLT","WR","8.6","6.1","2.5","1.4","1","0.4","6","1","0.76","21","24.11","1","0.5472","0","0","0","0"
"Zach Davidson","BUF","TE","1","1.3","-0.30000000000000004","0.3","0.4","-0.1","3","1","0.84","5","8.63","0","0","0","0","0","0"
"Brycen Tremayne","WAS","WR","0.3","1","-0.7","0.1","0.5","-0.3","2","1","0.97","-2","4.95","0","0","0","0","0","0"
"Jha'Quan Jackson","TEN","WR","0.8","4.7","-3.9000000000000004","0.1","0.5","-0.4","9","1","1.49","8","37.52","0","0.0384","-5","0","0","0"
"Jody Fortson","KC","TE","1","2.7","-1.7000000000000002","0.3","0.9","-0.6","3","1","1.58","5","14.13","0","0.0768","0","0","0","0"
"Mike Boone","CAR","RB","5.4","9.8","-4.4","1.1","2","-0.9","5","1","2.88","-2","14.7","0","0.0096","51","55.9188","0","0.2"
"Marcedes Lewis","CHI","TE","0.7","1.1","-0.40000000000000013","0","0.1","0","17","1","0.86","2","6.31","0","0","0","0","0","0"
"MarShawn Lloyd","GB","RB","2.3","4.2","-1.9000000000000004","2.3","4.2","-1.9","1","1","0.95","3","4.84","0","0.0288","15","27.9006","0","0.04"
"Ramel Keyton","LV","WR","1.2","3.9","-2.7","0.2","0.6","-0.4","7","1","1.45","7","16.08","0","0.2688","0","0","0","0"
"Tay Martin","TEN","WR","11.4","3.1","8.3","11.4","3.1","8.3","1","1","0.7","49","20.85","1","0.1152","0","0","0","0"
"Shane Zylstra","DET","TE","2.7","1.5","1.2000000000000002","0.2","0.1","0.1","12","1","0.77","22","10.92","0","0","0","0","0","0"
"Keaton Mitchell","BLT","RB","6.3","7.9","-1.6000000000000005","1.6","2","-0.4","4","1","0.93","28","3.53","0","0","30","68.796","0","0.03"
"Marcus Jones","NE","RB","2.8","1.4","1.4","0.9","0.5","0.5","3","1","0.98","18","4.71","0","0","5","4.6648","0","0"
"Myles Gaskin","MIN","RB","1.5","2.8","-1.2999999999999998","0.8","1.4","-0.6","2","1","0.91","11","7.43","0","0","-1","12.7204","0","0.06"
"Ben VanSumeren","PHI","RB","0.5","1.6","-1.1","0.1","0.3","-0.2","6","1","0.84","0","4.95","0","0.1152","0","0","0","0"
"Cody Schrader","LA","RB","1.4","1.7","-0.30000000000000004","1.4","1.7","-0.3","1","1","0.88","6","7.55","0","0","3","4.704","0","0"
"Jermar Jefferson","DET","RB","3.7","8.1","-4.3999999999999995","1.9","4","-2.2","2","1","0.87","10","6.84","0","0","22","19.2672","0","0.85"
"Tyrell Shavers","BUF","WR","13.4","1","12.4","4.5","0.3","4.1","3","1","0.92","69","5.68","1","0","0","0","0","0"
"Chris Rodriguez Jr.","WAS","RB","31","29.2","1.8000000000000007","4.4","4.2","0.3","7","1","0.87","12","7.23","0","0","173","132.6234","2","2.47"
"George Holani","SEA","RB","1.4","2.5","-1.1","0.7","1.3","-0.6","2","1","0.9","-1","6.16","0","0","10","13.867","0","0"
"Kendric Pryor","CIN","WR","1.4","0.8","0.5999999999999999","0.7","0.4","0.3","2","1","0.49","9","5.15","0","0","0","0","0","0"
"John Ross","PHI","WR","1.1","3.2","-2.1","1.1","3.2","-2.1","1","1","1.02","6","16.44","0","0.1824","0","0","0","0"
"Erik Ezukanma","MIA","WR","0","2.8","-2.8","0","1.4","-1.4","2","0","0.66","0","14.66","0","0.1728","0","0","0","0"
"Justyn Ross","KC","WR","0","2.6","-2.6","0","1.3","-1.3","2","0","0.36","0","3.6","0","0.3456","0","0","0","0"
"Skyy Moore","KC","WR","0","2.5","-2.5","0","0.4","-0.4","6","0","1.61","0","17.1","0","0","0","0","0","0"
"Tyreik McAllister","LV","WR","1.1","0.9","0.20000000000000007","1.1","0.9","0.2","1","0","0","0","0","0","0","11","7.6734","0","0.03"
"Reggie Gilliam","BUF","RB","0.7","2.9","-2.2","0","0.2","-0.2","14","0","0","0","0","0","0","7","10.3488","0","0.31"
"Andrew Beck","HST","RB","0","1.9","-1.9","0","0.5","-0.5","4","0","0.57","0","16.33","0","0","0","0","0","0"
"Steven Sims","BLT","WR","0","0.5","-0.5","0","0.1","-0.1","4","0","0","0","0","0","0","0","4.606","0","0"
"Jase McClellan","ATL","RB","3.2","6","-2.8","1.6","3","-1.4","2","0","0","0","0","0","0","32","57.8788","0","0.03"
"Brayden Willis","SF","TE","0","1.2","-1.2","0","0.2","-0.2","7","0","1","0","7.36","0","0","0","0","0","0"
"Ke'Shawn Vaughn","SF","RB","0.4","1","-0.6","0.4","1","-0.6","1","0","0","0","0","0","0","4","9.6334","0","0.01"
"Dylan Laube","LV","RB","0","0.5","-0.5","0","0.3","-0.3","2","0","0","0","0","0","0","0","4.5766","0","0"
"Rasheen Ali","BLT","RB","3.1","6.9","-3.8000000000000003","0.8","1.7","-1","4","0","1.84","0","8.25","0","0.0192","31","40.0134","0","0.17"
"Darrynton Evans","CHI","RB","0.3","1.4","-1.0999999999999999","0.3","1.4","-1.1","1","0","0","0","0","0","0","3","14.3374","0","0"
"Tyrion Davis-Price","PHI","RB","0.7","1.6","-0.9000000000000001","0.7","1.6","-0.9","1","0","0","0","0","0","0","7","13.7788","0","0.03"
"Raheem Blackshear","CAR","RB","8","7.4","0.5999999999999996","0.9","0.8","0.1","9","0","0","0","0","0","0","80","69.3056","0","0.07"
"Aaron Shampklin","PIT","RB","1.7","4.6","-2.8999999999999995","0.6","1.5","-1","3","0","0","0","0","0","0","17","21.5894","0","0.4"
"British Brooks","HST","RB","0.2","0.4","-0.2","0.1","0.2","-0.1","2","0","0","0","0","0","0","2","3.8612","0","0.01"
"Xavier Weaver","ARZ","WR","0","4.5","-4.5","0","2.3","-2.3","2","0","0.74","0","13.46","0","0.4704","0","0","0","0"
"Tom Kennedy","DET","WR","0","1.3","-1.3","0","0.3","-0.3","4","0","0.55","0","6.66","0","0.0672","0","0","0","0"
"Kadarius Toney","CLV","WR","-0.4","1.9","-2.3","-0.1","0.6","-0.8","3","0","0.93","0","4.84","0","0","-4","9.7216","0","0"
"Dareke Young","SEA","WR","0","1.1","-1.1","0","0.1","-0.1","9","0","0.64","0","6.98","0","0.0096","0","0","0","0"
"Kameron Johnson","TB","WR","1.1","5.6","-4.5","0.3","1.4","-1.1","4","0","0.69","0","2.07","0","0.6624","11","8.0458","0","0.04"
"Stephen Sullivan","CAR","TE","0","1.2","-1.2","0","1.2","-1.2","1","0","0.52","0","9.88","0","0","0","0","0","0"
"Jonathan Ward","PIT","RB","2.2","2.4","-0.19999999999999973","0.7","0.8","-0.1","3","0","0","0","0","0","0","22","21.9814","0","0.03"
"Brenden Bates","CLV","TE","0","1","-1","0","0.2","-0.2","6","0","0.9","0","5.93","0","0","0","0","0","0"
"Joshua Kelley","TEN","RB","0.2","0.6","-0.39999999999999997","0.1","0.3","-0.2","2","0","0","0","0","0","0","2","5.5664","0","0"
"Baylor Cupp","KC","TE","0","1.2","-1.2","0","1.2","-1.2","1","0","0.89","0","5.88","0","0.0288","0","0","0","0"
"Jermaine Jackson","NO","WR","-0.1","0.5","-0.6","-0.1","0.3","-0.3","2","0","0","0","0","0","0","-1","4.802","0","0.01"
"Adam Prentice","NO","RB","0","3.3","-3.3","0","0.2","-0.2","17","0","2.76","0","19.04","0","0","0","0","0","0"
"Terrell Jennings","NE","RB","3.3","11.6","-8.3","1.6","5.8","-4.2","2","0","1.34","0","14.87","0","0.3648","33","57.9866","0","0.25"
"Tony Jones Jr.","ARZ","RB","11.5","1.9","9.6","11.5","1.9","9.6","1","0","0","0","0","0","0","55","18.571","1","0.01"
"Braxton Berrios","MIA","WR","0","5.8","-5.8","0","1","-1","6","0","2.21","0","21.49","0","0.432","0","0","0","0"